X,CH1,CH2,Start,Increment
Sequence,Volt,Volt,-2.05E-07,5.00E-10
0,0.00E+00,-8.00E-02,-2.05E+02,
1,0.00E+00,-8.00E-02,,
2,0.00E+00,-8.00E-02,,
3,0.00E+00,-8.00E-02,,
4,-8.00E-02,0.00E+00,,
5,-8.00E-02,0.00E+00,,
6,-8.00E-02,-8.00E-02,,
7,-8.00E-02,-8.00E-02,,
8,-8.00E-02,0.00E+00,,
9,-8.00E-02,0.00E+00,,
10,-8.00E-02,0.00E+00,,
11,-8.00E-02,0.00E+00,,
12,-8.00E-02,0.00E+00,,
13,-8.00E-02,0.00E+00,,
14,-8.00E-02,-8.00E-02,,
15,-8.00E-02,-8.00E-02,,
16,-8.00E-02,0.00E+00,,
17,-8.00E-02,0.00E+00,,
18,-8.00E-02,0.00E+00,,
19,-8.00E-02,0.00E+00,,
20,-8.00E-02,0.00E+00,,
21,-8.00E-02,0.00E+00,,
22,-8.00E-02,0.00E+00,,
23,-8.00E-02,0.00E+00,,
24,-8.00E-02,0.00E+00,,
25,-8.00E-02,0.00E+00,,
26,-8.00E-02,-8.00E-02,,
27,-8.00E-02,-8.00E-02,,
28,-8.00E-02,0.00E+00,,
29,-8.00E-02,0.00E+00,,
30,-8.00E-02,0.00E+00,,
31,-8.00E-02,0.00E+00,,
32,-8.00E-02,0.00E+00,,
33,-8.00E-02,0.00E+00,,
34,-8.00E-02,0.00E+00,,
35,-8.00E-02,0.00E+00,,
36,-8.00E-02,0.00E+00,,
37,-8.00E-02,0.00E+00,,
38,-8.00E-02,0.00E+00,,
39,-8.00E-02,0.00E+00,,
40,-8.00E-02,0.00E+00,,
41,-8.00E-02,0.00E+00,,
42,-8.00E-02,-8.00E-02,,
43,-8.00E-02,-8.00E-02,,
44,-8.00E-02,0.00E+00,,
45,-8.00E-02,0.00E+00,,
46,0.00E+00,0.00E+00,,
47,0.00E+00,0.00E+00,,
48,-8.00E-02,0.00E+00,,
49,-8.00E-02,0.00E+00,,
50,-8.00E-02,-8.00E-02,,
51,-8.00E-02,-8.00E-02,,
52,-8.00E-02,0.00E+00,,
53,-8.00E-02,0.00E+00,,
54,-8.00E-02,0.00E+00,,
55,-8.00E-02,0.00E+00,,
56,-8.00E-02,0.00E+00,,
57,-8.00E-02,0.00E+00,,
58,0.00E+00,-8.00E-02,,
59,0.00E+00,-8.00E-02,,
60,-8.00E-02,-8.00E-02,,
61,-8.00E-02,-8.00E-02,,
62,-8.00E-02,0.00E+00,,
63,-8.00E-02,0.00E+00,,
64,-8.00E-02,0.00E+00,,
65,-8.00E-02,0.00E+00,,
66,0.00E+00,0.00E+00,,
67,0.00E+00,0.00E+00,,
68,-8.00E-02,0.00E+00,,
69,-8.00E-02,0.00E+00,,
70,-8.00E-02,0.00E+00,,
71,-8.00E-02,0.00E+00,,
72,-8.00E-02,-8.00E-02,,
73,-8.00E-02,-8.00E-02,,
74,-8.00E-02,0.00E+00,,
75,-8.00E-02,0.00E+00,,
76,-8.00E-02,0.00E+00,,
77,-8.00E-02,0.00E+00,,
78,-8.00E-02,0.00E+00,,
79,-8.00E-02,0.00E+00,,
80,-8.00E-02,-8.00E-02,,
81,-8.00E-02,-8.00E-02,,
82,0.00E+00,0.00E+00,,
83,0.00E+00,0.00E+00,,
84,-8.00E-02,-8.00E-02,,
85,-8.00E-02,-8.00E-02,,
86,-8.00E-02,0.00E+00,,
87,-8.00E-02,0.00E+00,,
88,0.00E+00,-8.00E-02,,
89,0.00E+00,-8.00E-02,,
90,-8.00E-02,0.00E+00,,
91,-8.00E-02,0.00E+00,,
92,-8.00E-02,0.00E+00,,
93,-8.00E-02,0.00E+00,,
94,-8.00E-02,0.00E+00,,
95,-8.00E-02,0.00E+00,,
96,-8.00E-02,-8.00E-02,,
97,-8.00E-02,-8.00E-02,,
98,-8.00E-02,0.00E+00,,
99,-8.00E-02,0.00E+00,,
100,-8.00E-02,-8.00E-02,,
101,-8.00E-02,-8.00E-02,,
102,-8.00E-02,0.00E+00,,
103,-8.00E-02,0.00E+00,,
104,-8.00E-02,-8.00E-02,,
105,-8.00E-02,-8.00E-02,,
106,-8.00E-02,0.00E+00,,
107,-8.00E-02,0.00E+00,,
108,-8.00E-02,0.00E+00,,
109,-8.00E-02,0.00E+00,,
110,0.00E+00,0.00E+00,,
111,0.00E+00,0.00E+00,,
112,-8.00E-02,0.00E+00,,
113,-8.00E-02,0.00E+00,,
114,-8.00E-02,0.00E+00,,
115,-8.00E-02,0.00E+00,,
116,-8.00E-02,-8.00E-02,,
117,-8.00E-02,-8.00E-02,,
118,-8.00E-02,0.00E+00,,
119,-8.00E-02,0.00E+00,,
120,-8.00E-02,-8.00E-02,,
121,-8.00E-02,-8.00E-02,,
122,-8.00E-02,0.00E+00,,
123,-8.00E-02,0.00E+00,,
124,-8.00E-02,0.00E+00,,
125,-8.00E-02,0.00E+00,,
126,0.00E+00,0.00E+00,,
127,0.00E+00,0.00E+00,,
128,-8.00E-02,-8.00E-02,,
129,-8.00E-02,-8.00E-02,,
130,-8.00E-02,0.00E+00,,
131,-8.00E-02,0.00E+00,,
132,-8.00E-02,0.00E+00,,
133,-8.00E-02,0.00E+00,,
134,-8.00E-02,0.00E+00,,
135,-8.00E-02,0.00E+00,,
136,-8.00E-02,0.00E+00,,
137,-8.00E-02,0.00E+00,,
138,-8.00E-02,0.00E+00,,
139,-8.00E-02,0.00E+00,,
140,-8.00E-02,-8.00E-02,,
141,-8.00E-02,-8.00E-02,,
142,0.00E+00,0.00E+00,,
143,0.00E+00,0.00E+00,,
144,-8.00E-02,0.00E+00,,
145,-8.00E-02,0.00E+00,,
146,0.00E+00,0.00E+00,,
147,0.00E+00,0.00E+00,,
148,-8.00E-02,0.00E+00,,
149,-8.00E-02,0.00E+00,,
150,-8.00E-02,0.00E+00,,
151,-8.00E-02,0.00E+00,,
152,-8.00E-02,0.00E+00,,
153,-8.00E-02,0.00E+00,,
154,-8.00E-02,0.00E+00,,
155,-8.00E-02,0.00E+00,,
156,-8.00E-02,0.00E+00,,
157,-8.00E-02,0.00E+00,,
158,0.00E+00,0.00E+00,,
159,0.00E+00,0.00E+00,,
160,-8.00E-02,0.00E+00,,
161,-8.00E-02,0.00E+00,,
162,-8.00E-02,-8.00E-02,,
163,-8.00E-02,-8.00E-02,,
164,-8.00E-02,-8.00E-02,,
165,-8.00E-02,-8.00E-02,,
166,-8.00E-02,-8.00E-02,,
167,-8.00E-02,-8.00E-02,,
168,-8.00E-02,0.00E+00,,
169,-8.00E-02,0.00E+00,,
170,0.00E+00,0.00E+00,,
171,0.00E+00,0.00E+00,,
172,-8.00E-02,0.00E+00,,
173,-8.00E-02,0.00E+00,,
174,0.00E+00,0.00E+00,,
175,0.00E+00,0.00E+00,,
176,-8.00E-02,0.00E+00,,
177,-8.00E-02,0.00E+00,,
178,0.00E+00,0.00E+00,,
179,0.00E+00,0.00E+00,,
180,-8.00E-02,0.00E+00,,
181,-8.00E-02,0.00E+00,,
182,-8.00E-02,0.00E+00,,
183,-8.00E-02,0.00E+00,,
184,-8.00E-02,0.00E+00,,
185,-8.00E-02,0.00E+00,,
186,0.00E+00,0.00E+00,,
187,0.00E+00,0.00E+00,,
188,-8.00E-02,-8.00E-02,,
189,-8.00E-02,-8.00E-02,,
190,-8.00E-02,0.00E+00,,
191,-8.00E-02,0.00E+00,,
192,-8.00E-02,-8.00E-02,,
193,-8.00E-02,-8.00E-02,,
194,-8.00E-02,0.00E+00,,
195,-8.00E-02,0.00E+00,,
196,0.00E+00,-8.00E-02,,
197,0.00E+00,-8.00E-02,,
198,0.00E+00,0.00E+00,,
199,0.00E+00,0.00E+00,,
200,-8.00E-02,-8.00E-02,,
201,-8.00E-02,-8.00E-02,,
202,-8.00E-02,-8.00E-02,,
203,-8.00E-02,-8.00E-02,,
204,-8.00E-02,0.00E+00,,
205,-8.00E-02,0.00E+00,,
206,-8.00E-02,-8.00E-02,,
207,-8.00E-02,-8.00E-02,,
208,-8.00E-02,0.00E+00,,
209,-8.00E-02,0.00E+00,,
210,-8.00E-02,0.00E+00,,
211,-8.00E-02,0.00E+00,,
212,-8.00E-02,-8.00E-02,,
213,-8.00E-02,-8.00E-02,,
214,-8.00E-02,0.00E+00,,
215,-8.00E-02,0.00E+00,,
216,-8.00E-02,0.00E+00,,
217,-8.00E-02,0.00E+00,,
218,0.00E+00,0.00E+00,,
219,0.00E+00,0.00E+00,,
220,-8.00E-02,0.00E+00,,
221,-8.00E-02,0.00E+00,,
222,-8.00E-02,0.00E+00,,
223,-8.00E-02,0.00E+00,,
224,-8.00E-02,-8.00E-02,,
225,-8.00E-02,-8.00E-02,,
226,0.00E+00,0.00E+00,,
227,0.00E+00,0.00E+00,,
228,-8.00E-02,0.00E+00,,
229,-8.00E-02,0.00E+00,,
230,-8.00E-02,0.00E+00,,
231,-8.00E-02,0.00E+00,,
232,-8.00E-02,0.00E+00,,
233,-8.00E-02,0.00E+00,,
234,-8.00E-02,-8.00E-02,,
235,-8.00E-02,-8.00E-02,,
236,-8.00E-02,-8.00E-02,,
237,-8.00E-02,-8.00E-02,,
238,-8.00E-02,0.00E+00,,
239,-8.00E-02,0.00E+00,,
240,-8.00E-02,0.00E+00,,
241,-8.00E-02,0.00E+00,,
242,-8.00E-02,0.00E+00,,
243,-8.00E-02,0.00E+00,,
244,-8.00E-02,-8.00E-02,,
245,-8.00E-02,-8.00E-02,,
246,-8.00E-02,0.00E+00,,
247,-8.00E-02,0.00E+00,,
248,-8.00E-02,-8.00E-02,,
249,-8.00E-02,-8.00E-02,,
250,-8.00E-02,0.00E+00,,
251,-8.00E-02,0.00E+00,,
252,-1.60E-01,0.00E+00,,
253,-1.60E-01,0.00E+00,,
254,0.00E+00,0.00E+00,,
255,0.00E+00,0.00E+00,,
256,-8.00E-02,0.00E+00,,
257,-8.00E-02,0.00E+00,,
258,-8.00E-02,0.00E+00,,
259,-8.00E-02,0.00E+00,,
260,0.00E+00,-8.00E-02,,
261,0.00E+00,-8.00E-02,,
262,-8.00E-02,-8.00E-02,,
263,-8.00E-02,-8.00E-02,,
264,-8.00E-02,0.00E+00,,
265,-8.00E-02,0.00E+00,,
266,0.00E+00,0.00E+00,,
267,0.00E+00,0.00E+00,,
268,-8.00E-02,0.00E+00,,
269,-8.00E-02,0.00E+00,,
270,0.00E+00,0.00E+00,,
271,0.00E+00,0.00E+00,,
272,-8.00E-02,0.00E+00,,
273,-8.00E-02,0.00E+00,,
274,-8.00E-02,0.00E+00,,
275,-8.00E-02,0.00E+00,,
276,-8.00E-02,-8.00E-02,,
277,-8.00E-02,-8.00E-02,,
278,0.00E+00,0.00E+00,,
279,0.00E+00,0.00E+00,,
280,-8.00E-02,0.00E+00,,
281,-8.00E-02,0.00E+00,,
282,-8.00E-02,0.00E+00,,
283,-8.00E-02,0.00E+00,,
284,-8.00E-02,0.00E+00,,
285,-8.00E-02,0.00E+00,,
286,-8.00E-02,-8.00E-02,,
287,-8.00E-02,-8.00E-02,,
288,-8.00E-02,0.00E+00,,
289,-8.00E-02,0.00E+00,,
290,0.00E+00,0.00E+00,,
291,0.00E+00,0.00E+00,,
292,-8.00E-02,0.00E+00,,
293,-8.00E-02,0.00E+00,,
294,-8.00E-02,0.00E+00,,
295,-8.00E-02,0.00E+00,,
296,-8.00E-02,0.00E+00,,
297,-8.00E-02,0.00E+00,,
298,-8.00E-02,0.00E+00,,
299,-8.00E-02,0.00E+00,,
300,-8.00E-02,0.00E+00,,
301,-8.00E-02,0.00E+00,,
302,-8.00E-02,-8.00E-02,,
303,-8.00E-02,-8.00E-02,,
304,-8.00E-02,0.00E+00,,
305,-8.00E-02,0.00E+00,,
306,-8.00E-02,0.00E+00,,
307,-8.00E-02,0.00E+00,,
308,-8.00E-02,0.00E+00,,
309,-8.00E-02,0.00E+00,,
310,0.00E+00,0.00E+00,,
311,0.00E+00,0.00E+00,,
312,-8.00E-02,-8.00E-02,,
313,-8.00E-02,-8.00E-02,,
314,-8.00E-02,0.00E+00,,
315,-8.00E-02,0.00E+00,,
316,-8.00E-02,0.00E+00,,
317,-8.00E-02,0.00E+00,,
318,-8.00E-02,0.00E+00,,
319,-8.00E-02,0.00E+00,,
320,-8.00E-02,0.00E+00,,
321,-8.00E-02,0.00E+00,,
322,-8.00E-02,0.00E+00,,
323,-8.00E-02,0.00E+00,,
324,-8.00E-02,0.00E+00,,
325,-8.00E-02,0.00E+00,,
326,-8.00E-02,0.00E+00,,
327,-8.00E-02,0.00E+00,,
328,-8.00E-02,0.00E+00,,
329,-8.00E-02,0.00E+00,,
330,-8.00E-02,0.00E+00,,
331,-8.00E-02,0.00E+00,,
332,-8.00E-02,0.00E+00,,
333,-8.00E-02,0.00E+00,,
334,0.00E+00,0.00E+00,,
335,0.00E+00,0.00E+00,,
336,-8.00E-02,-8.00E-02,,
337,-8.00E-02,-8.00E-02,,
338,-8.00E-02,-8.00E-02,,
339,-8.00E-02,-8.00E-02,,
340,-8.00E-02,-8.00E-02,,
341,-8.00E-02,-8.00E-02,,
342,0.00E+00,0.00E+00,,
343,0.00E+00,0.00E+00,,
344,-8.00E-02,-8.00E-02,,
345,-8.00E-02,-8.00E-02,,
346,0.00E+00,0.00E+00,,
347,0.00E+00,0.00E+00,,
348,-8.00E-02,-8.00E-02,,
349,-8.00E-02,-8.00E-02,,
350,-8.00E-02,0.00E+00,,
351,-8.00E-02,0.00E+00,,
352,-8.00E-02,0.00E+00,,
353,-8.00E-02,0.00E+00,,
354,-8.00E-02,-8.00E-02,,
355,-8.00E-02,-8.00E-02,,
356,-8.00E-02,0.00E+00,,
357,-8.00E-02,0.00E+00,,
358,0.00E+00,-8.00E-02,,
359,0.00E+00,-8.00E-02,,
360,-1.60E-01,0.00E+00,,
361,-1.60E-01,0.00E+00,,
362,0.00E+00,0.00E+00,,
363,0.00E+00,0.00E+00,,
364,-8.00E-02,0.00E+00,,
365,-8.00E-02,0.00E+00,,
366,-8.00E-02,0.00E+00,,
367,-8.00E-02,0.00E+00,,
368,-8.00E-02,0.00E+00,,
369,-8.00E-02,0.00E+00,,
370,-8.00E-02,-8.00E-02,,
371,-8.00E-02,-8.00E-02,,
372,-8.00E-02,0.00E+00,,
373,-8.00E-02,0.00E+00,,
374,0.00E+00,0.00E+00,,
375,0.00E+00,0.00E+00,,
376,-8.00E-02,0.00E+00,,
377,-8.00E-02,0.00E+00,,
378,-8.00E-02,0.00E+00,,
379,-8.00E-02,0.00E+00,,
380,-8.00E-02,0.00E+00,,
381,-8.00E-02,0.00E+00,,
382,0.00E+00,0.00E+00,,
383,0.00E+00,0.00E+00,,
384,-8.00E-02,0.00E+00,,
385,-8.00E-02,0.00E+00,,
386,0.00E+00,0.00E+00,,
387,0.00E+00,0.00E+00,,
388,-8.00E-02,-8.00E-02,,
389,-8.00E-02,-8.00E-02,,
390,-8.00E-02,-8.00E-02,,
391,-8.00E-02,-8.00E-02,,
392,-8.00E-02,0.00E+00,,
393,-8.00E-02,0.00E+00,,
394,0.00E+00,0.00E+00,,
395,0.00E+00,0.00E+00,,
396,-8.00E-02,-8.00E-02,,
397,-8.00E-02,-8.00E-02,,
398,-8.00E-02,0.00E+00,,
399,-8.00E-02,0.00E+00,,
400,-8.00E-02,0.00E+00,,
401,-8.00E-02,0.00E+00,,
402,0.00E+00,0.00E+00,,
403,0.00E+00,0.00E+00,,
404,3.20E-01,-8.00E-02,,
405,3.20E-01,-8.00E-02,,
406,1.12E+00,-8.00E-02,,
407,1.12E+00,-8.00E-02,,
408,2.24E+00,0.00E+00,,
409,2.24E+00,0.00E+00,,
410,3.68E+00,-8.00E-02,,
411,3.68E+00,-8.00E-02,,
412,4.88E+00,0.00E+00,,
413,4.88E+00,0.00E+00,,
414,5.60E+00,0.00E+00,,
415,5.60E+00,0.00E+00,,
416,5.84E+00,0.00E+00,,
417,5.84E+00,0.00E+00,,
418,5.92E+00,0.00E+00,,
419,5.92E+00,0.00E+00,,
420,5.92E+00,-8.00E-02,,
421,5.92E+00,-8.00E-02,,
422,5.84E+00,0.00E+00,,
423,5.84E+00,0.00E+00,,
424,5.60E+00,0.00E+00,,
425,5.60E+00,0.00E+00,,
426,5.28E+00,0.00E+00,,
427,5.28E+00,0.00E+00,,
428,5.04E+00,0.00E+00,,
429,5.04E+00,0.00E+00,,
430,4.96E+00,-8.00E-02,,
431,4.96E+00,-8.00E-02,,
432,4.80E+00,0.00E+00,,
433,4.80E+00,0.00E+00,,
434,4.64E+00,0.00E+00,,
435,4.64E+00,0.00E+00,,
436,4.64E+00,-8.00E-02,,
437,4.64E+00,-8.00E-02,,
438,4.64E+00,-8.00E-02,,
439,4.64E+00,-8.00E-02,,
440,4.72E+00,-8.00E-02,,
441,4.72E+00,-8.00E-02,,
442,4.72E+00,-8.00E-02,,
443,4.72E+00,-8.00E-02,,
444,4.80E+00,0.00E+00,,
445,4.80E+00,0.00E+00,,
446,4.88E+00,-8.00E-02,,
447,4.88E+00,-8.00E-02,,
448,4.96E+00,-8.00E-02,,
449,4.96E+00,-8.00E-02,,
450,4.96E+00,-8.00E-02,,
451,4.96E+00,-8.00E-02,,
452,5.04E+00,-8.00E-02,,
453,5.04E+00,-8.00E-02,,
454,5.04E+00,-8.00E-02,,
455,5.04E+00,-8.00E-02,,
456,5.04E+00,-8.00E-02,,
457,5.04E+00,-8.00E-02,,
458,4.96E+00,-8.00E-02,,
459,4.96E+00,-8.00E-02,,
460,4.96E+00,0.00E+00,,
461,4.96E+00,0.00E+00,,
462,4.96E+00,0.00E+00,,
463,4.96E+00,0.00E+00,,
464,4.96E+00,0.00E+00,,
465,4.96E+00,0.00E+00,,
466,4.96E+00,0.00E+00,,
467,4.96E+00,0.00E+00,,
468,4.96E+00,0.00E+00,,
469,4.96E+00,0.00E+00,,
470,4.96E+00,-8.00E-02,,
471,4.96E+00,-8.00E-02,,
472,4.96E+00,0.00E+00,,
473,4.96E+00,0.00E+00,,
474,4.96E+00,0.00E+00,,
475,4.96E+00,0.00E+00,,
476,4.96E+00,0.00E+00,,
477,4.96E+00,0.00E+00,,
478,4.96E+00,-8.00E-02,,
479,4.96E+00,-8.00E-02,,
480,4.96E+00,-8.00E-02,,
481,4.96E+00,-8.00E-02,,
482,4.96E+00,0.00E+00,,
483,4.96E+00,0.00E+00,,
484,5.04E+00,0.00E+00,,
485,5.04E+00,0.00E+00,,
486,4.96E+00,0.00E+00,,
487,4.96E+00,0.00E+00,,
488,4.96E+00,0.00E+00,,
489,4.96E+00,0.00E+00,,
490,4.96E+00,0.00E+00,,
491,4.96E+00,0.00E+00,,
492,4.96E+00,0.00E+00,,
493,4.96E+00,0.00E+00,,
494,5.04E+00,0.00E+00,,
495,5.04E+00,0.00E+00,,
496,4.88E+00,0.00E+00,,
497,4.88E+00,0.00E+00,,
498,5.04E+00,0.00E+00,,
499,5.04E+00,0.00E+00,,
500,4.96E+00,0.00E+00,,
501,4.96E+00,0.00E+00,,
502,5.04E+00,-8.00E-02,,
503,5.04E+00,-8.00E-02,,
504,4.96E+00,0.00E+00,,
505,4.96E+00,0.00E+00,,
506,4.96E+00,-8.00E-02,,
507,4.96E+00,-8.00E-02,,
508,5.04E+00,0.00E+00,,
509,5.04E+00,0.00E+00,,
510,4.96E+00,0.00E+00,,
511,4.96E+00,0.00E+00,,
512,4.96E+00,0.00E+00,,
513,4.96E+00,0.00E+00,,
514,4.96E+00,0.00E+00,,
515,4.96E+00,0.00E+00,,
516,5.04E+00,0.00E+00,,
517,5.04E+00,0.00E+00,,
518,5.04E+00,-8.00E-02,,
519,5.04E+00,-8.00E-02,,
520,5.04E+00,0.00E+00,,
521,5.04E+00,0.00E+00,,
522,4.96E+00,0.00E+00,,
523,4.96E+00,0.00E+00,,
524,5.04E+00,0.00E+00,,
525,5.04E+00,0.00E+00,,
526,5.04E+00,0.00E+00,,
527,5.04E+00,0.00E+00,,
528,4.96E+00,-8.00E-02,,
529,4.96E+00,-8.00E-02,,
530,5.04E+00,-8.00E-02,,
531,5.04E+00,-8.00E-02,,
532,5.04E+00,0.00E+00,,
533,5.04E+00,0.00E+00,,
534,5.04E+00,0.00E+00,,
535,5.04E+00,0.00E+00,,
536,5.04E+00,0.00E+00,,
537,5.04E+00,0.00E+00,,
538,5.04E+00,0.00E+00,,
539,5.04E+00,0.00E+00,,
540,5.04E+00,-8.00E-02,,
541,5.04E+00,-8.00E-02,,
542,5.04E+00,0.00E+00,,
543,5.04E+00,0.00E+00,,
544,4.96E+00,-8.00E-02,,
545,4.96E+00,-8.00E-02,,
546,5.04E+00,0.00E+00,,
547,5.04E+00,0.00E+00,,
548,5.04E+00,-8.00E-02,,
549,5.04E+00,-8.00E-02,,
550,5.04E+00,0.00E+00,,
551,5.04E+00,0.00E+00,,
552,5.04E+00,0.00E+00,,
553,5.04E+00,0.00E+00,,
554,5.04E+00,0.00E+00,,
555,5.04E+00,0.00E+00,,
556,5.04E+00,0.00E+00,,
557,5.04E+00,0.00E+00,,
558,4.96E+00,0.00E+00,,
559,4.96E+00,0.00E+00,,
560,5.04E+00,0.00E+00,,
561,5.04E+00,0.00E+00,,
562,5.04E+00,0.00E+00,,
563,5.04E+00,0.00E+00,,
564,5.04E+00,0.00E+00,,
565,5.04E+00,0.00E+00,,
566,5.04E+00,0.00E+00,,
567,5.04E+00,0.00E+00,,
568,5.04E+00,0.00E+00,,
569,5.04E+00,0.00E+00,,
570,5.04E+00,0.00E+00,,
571,5.04E+00,0.00E+00,,
572,5.04E+00,0.00E+00,,
573,5.04E+00,0.00E+00,,
574,5.04E+00,0.00E+00,,
575,5.04E+00,0.00E+00,,
576,5.04E+00,0.00E+00,,
577,5.04E+00,0.00E+00,,
578,5.04E+00,0.00E+00,,
579,5.04E+00,0.00E+00,,
580,5.04E+00,-8.00E-02,,
581,5.04E+00,-8.00E-02,,
582,5.04E+00,-8.00E-02,,
583,5.04E+00,-8.00E-02,,
584,5.04E+00,-8.00E-02,,
585,5.04E+00,-8.00E-02,,
586,5.04E+00,0.00E+00,,
587,5.04E+00,0.00E+00,,
588,5.04E+00,-8.00E-02,,
589,5.04E+00,-8.00E-02,,
590,5.04E+00,0.00E+00,,
591,5.04E+00,0.00E+00,,
592,5.04E+00,-8.00E-02,,
593,5.04E+00,-8.00E-02,,
594,5.04E+00,0.00E+00,,
595,5.04E+00,0.00E+00,,
596,5.04E+00,0.00E+00,,
597,5.04E+00,0.00E+00,,
598,5.04E+00,0.00E+00,,
599,5.04E+00,0.00E+00,,
600,5.04E+00,0.00E+00,,
601,5.04E+00,0.00E+00,,
602,5.04E+00,0.00E+00,,
603,5.04E+00,0.00E+00,,
604,5.04E+00,8.00E-02,,
605,5.04E+00,8.00E-02,,
606,5.04E+00,4.00E-01,,
607,5.04E+00,4.00E-01,,
608,5.04E+00,9.60E-01,,
609,5.04E+00,9.60E-01,,
610,5.12E+00,1.68E+00,,
611,5.12E+00,1.68E+00,,
612,5.04E+00,2.48E+00,,
613,5.04E+00,2.48E+00,,
614,5.04E+00,3.04E+00,,
615,5.04E+00,3.04E+00,,
616,5.04E+00,3.36E+00,,
617,5.04E+00,3.36E+00,,
618,5.04E+00,3.52E+00,,
619,5.04E+00,3.52E+00,,
620,5.04E+00,3.60E+00,,
621,5.04E+00,3.60E+00,,
622,5.04E+00,3.76E+00,,
623,5.04E+00,3.76E+00,,
624,5.04E+00,4.00E+00,,
625,5.04E+00,4.00E+00,,
626,5.04E+00,4.16E+00,,
627,5.04E+00,4.16E+00,,
628,5.04E+00,4.48E+00,,
629,5.04E+00,4.48E+00,,
630,5.04E+00,4.72E+00,,
631,5.04E+00,4.72E+00,,
632,5.04E+00,4.80E+00,,
633,5.04E+00,4.80E+00,,
634,5.04E+00,4.88E+00,,
635,5.04E+00,4.88E+00,,
636,5.04E+00,4.88E+00,,
637,5.04E+00,4.88E+00,,
638,5.12E+00,4.96E+00,,
639,5.12E+00,4.96E+00,,
640,5.04E+00,4.88E+00,,
641,5.04E+00,4.88E+00,,
642,5.04E+00,4.72E+00,,
643,5.04E+00,4.72E+00,,
644,5.12E+00,4.72E+00,,
645,5.12E+00,4.72E+00,,
646,5.04E+00,4.64E+00,,
647,5.04E+00,4.64E+00,,
648,5.12E+00,4.48E+00,,
649,5.12E+00,4.48E+00,,
650,5.04E+00,4.48E+00,,
651,5.04E+00,4.48E+00,,
652,5.12E+00,4.48E+00,,
653,5.12E+00,4.48E+00,,
654,5.04E+00,4.56E+00,,
655,5.04E+00,4.56E+00,,
656,5.04E+00,4.56E+00,,
657,5.04E+00,4.56E+00,,
658,5.04E+00,4.72E+00,,
659,5.04E+00,4.72E+00,,
660,5.04E+00,4.64E+00,,
661,5.04E+00,4.64E+00,,
662,5.04E+00,4.72E+00,,
663,5.04E+00,4.72E+00,,
664,5.04E+00,4.80E+00,,
665,5.04E+00,4.80E+00,,
666,5.12E+00,4.80E+00,,
667,5.12E+00,4.80E+00,,
668,5.04E+00,4.72E+00,,
669,5.04E+00,4.72E+00,,
670,5.04E+00,4.80E+00,,
671,5.04E+00,4.80E+00,,
672,5.04E+00,4.72E+00,,
673,5.04E+00,4.72E+00,,
674,5.12E+00,4.80E+00,,
675,5.12E+00,4.80E+00,,
676,5.04E+00,4.80E+00,,
677,5.04E+00,4.80E+00,,
678,5.04E+00,4.80E+00,,
679,5.04E+00,4.80E+00,,
680,5.12E+00,4.80E+00,,
681,5.12E+00,4.80E+00,,
682,5.04E+00,4.80E+00,,
683,5.04E+00,4.80E+00,,
684,5.04E+00,4.80E+00,,
685,5.04E+00,4.80E+00,,
686,5.04E+00,4.80E+00,,
687,5.04E+00,4.80E+00,,
688,5.04E+00,4.80E+00,,
689,5.04E+00,4.80E+00,,
690,5.04E+00,4.80E+00,,
691,5.04E+00,4.80E+00,,
692,5.04E+00,4.80E+00,,
693,5.04E+00,4.80E+00,,
694,5.12E+00,4.80E+00,,
695,5.12E+00,4.80E+00,,
696,5.04E+00,4.80E+00,,
697,5.04E+00,4.80E+00,,
698,5.12E+00,4.80E+00,,
699,5.12E+00,4.80E+00,,
700,5.04E+00,4.80E+00,,
701,5.04E+00,4.80E+00,,
702,5.12E+00,4.80E+00,,
703,5.12E+00,4.80E+00,,
704,5.04E+00,4.80E+00,,
705,5.04E+00,4.80E+00,,
706,5.12E+00,4.80E+00,,
707,5.12E+00,4.80E+00,,
708,5.04E+00,4.80E+00,,
709,5.04E+00,4.80E+00,,
710,5.04E+00,4.80E+00,,
711,5.04E+00,4.80E+00,,
712,5.12E+00,4.88E+00,,
713,5.12E+00,4.88E+00,,
714,5.12E+00,4.80E+00,,
715,5.12E+00,4.80E+00,,
716,5.04E+00,4.80E+00,,
717,5.04E+00,4.80E+00,,
718,5.04E+00,4.88E+00,,
719,5.04E+00,4.88E+00,,
720,5.04E+00,4.80E+00,,
721,5.04E+00,4.80E+00,,
722,5.04E+00,4.88E+00,,
723,5.04E+00,4.88E+00,,
724,5.12E+00,4.88E+00,,
725,5.12E+00,4.88E+00,,
726,5.04E+00,4.88E+00,,
727,5.04E+00,4.88E+00,,
728,5.12E+00,4.80E+00,,
729,5.12E+00,4.80E+00,,
730,5.04E+00,4.88E+00,,
731,5.04E+00,4.88E+00,,
732,5.04E+00,4.80E+00,,
733,5.04E+00,4.80E+00,,
734,5.04E+00,4.88E+00,,
735,5.04E+00,4.88E+00,,
736,5.04E+00,4.88E+00,,
737,5.04E+00,4.88E+00,,
738,5.12E+00,4.88E+00,,
739,5.12E+00,4.88E+00,,
740,5.04E+00,4.80E+00,,
741,5.04E+00,4.80E+00,,
742,5.12E+00,4.80E+00,,
743,5.12E+00,4.80E+00,,
744,5.04E+00,4.88E+00,,
745,5.04E+00,4.88E+00,,
746,5.12E+00,4.88E+00,,
747,5.12E+00,4.88E+00,,
748,5.04E+00,4.88E+00,,
749,5.04E+00,4.88E+00,,
750,5.04E+00,4.88E+00,,
751,5.04E+00,4.88E+00,,
752,5.12E+00,4.88E+00,,
753,5.12E+00,4.88E+00,,
754,5.12E+00,4.88E+00,,
755,5.12E+00,4.88E+00,,
756,5.12E+00,4.88E+00,,
757,5.12E+00,4.88E+00,,
758,5.04E+00,4.88E+00,,
759,5.04E+00,4.88E+00,,
760,5.04E+00,4.88E+00,,
761,5.04E+00,4.88E+00,,
762,5.12E+00,4.88E+00,,
763,5.12E+00,4.88E+00,,
764,5.12E+00,4.88E+00,,
765,5.12E+00,4.88E+00,,
766,5.12E+00,4.88E+00,,
767,5.12E+00,4.88E+00,,
768,5.04E+00,4.88E+00,,
769,5.04E+00,4.88E+00,,
770,5.12E+00,4.88E+00,,
771,5.12E+00,4.88E+00,,
772,5.12E+00,4.88E+00,,
773,5.12E+00,4.88E+00,,
774,5.12E+00,4.88E+00,,
775,5.12E+00,4.88E+00,,
776,5.04E+00,4.88E+00,,
777,5.04E+00,4.88E+00,,
778,5.12E+00,4.88E+00,,
779,5.12E+00,4.88E+00,,
780,5.12E+00,4.88E+00,,
781,5.12E+00,4.88E+00,,
782,5.12E+00,4.88E+00,,
783,5.12E+00,4.88E+00,,
784,5.12E+00,4.96E+00,,
785,5.12E+00,4.96E+00,,
786,5.04E+00,4.88E+00,,
787,5.04E+00,4.88E+00,,
788,5.12E+00,4.88E+00,,
789,5.12E+00,4.88E+00,,
790,5.12E+00,4.88E+00,,
791,5.12E+00,4.88E+00,,
792,5.12E+00,4.88E+00,,
793,5.12E+00,4.88E+00,,
794,5.12E+00,4.88E+00,,
795,5.12E+00,4.88E+00,,
796,5.12E+00,4.96E+00,,
797,5.12E+00,4.96E+00,,
798,5.04E+00,4.88E+00,,
799,5.04E+00,4.88E+00,,
800,5.12E+00,4.96E+00,,
801,5.12E+00,4.96E+00,,
802,5.12E+00,4.88E+00,,
803,5.12E+00,4.88E+00,,
804,5.12E+00,4.96E+00,,
805,5.12E+00,4.96E+00,,
806,5.12E+00,4.88E+00,,
807,5.12E+00,4.88E+00,,
808,5.12E+00,4.88E+00,,
809,5.12E+00,4.88E+00,,
810,5.04E+00,4.88E+00,,
811,5.04E+00,4.88E+00,,
812,5.04E+00,4.88E+00,,
813,5.04E+00,4.88E+00,,
814,4.80E+00,4.88E+00,,
815,4.80E+00,4.88E+00,,
816,4.64E+00,4.96E+00,,
817,4.64E+00,4.96E+00,,
818,4.48E+00,4.96E+00,,
819,4.48E+00,4.96E+00,,
820,4.48E+00,4.96E+00,,
821,4.48E+00,4.96E+00,,
822,4.48E+00,4.88E+00,,
823,4.48E+00,4.88E+00,,
824,4.56E+00,4.88E+00,,
825,4.56E+00,4.88E+00,,
826,4.72E+00,4.96E+00,,
827,4.72E+00,4.96E+00,,
828,4.80E+00,4.88E+00,,
829,4.80E+00,4.88E+00,,
830,4.88E+00,4.88E+00,,
831,4.88E+00,4.88E+00,,
832,5.04E+00,4.88E+00,,
833,5.04E+00,4.88E+00,,
834,5.04E+00,4.88E+00,,
835,5.04E+00,4.88E+00,,
836,5.04E+00,4.88E+00,,
837,5.04E+00,4.88E+00,,
838,5.04E+00,4.96E+00,,
839,5.04E+00,4.96E+00,,
840,5.12E+00,4.88E+00,,
841,5.12E+00,4.88E+00,,
842,5.12E+00,4.88E+00,,
843,5.12E+00,4.88E+00,,
844,5.20E+00,4.88E+00,,
845,5.20E+00,4.88E+00,,
846,5.20E+00,4.96E+00,,
847,5.20E+00,4.96E+00,,
848,5.28E+00,4.96E+00,,
849,5.28E+00,4.96E+00,,
850,5.28E+00,4.96E+00,,
851,5.28E+00,4.96E+00,,
852,5.28E+00,4.88E+00,,
853,5.28E+00,4.88E+00,,
854,5.28E+00,4.96E+00,,
855,5.28E+00,4.96E+00,,
856,5.28E+00,4.88E+00,,
857,5.28E+00,4.88E+00,,
858,5.20E+00,4.88E+00,,
859,5.20E+00,4.88E+00,,
860,5.20E+00,4.88E+00,,
861,5.20E+00,4.88E+00,,
862,5.12E+00,4.96E+00,,
863,5.12E+00,4.96E+00,,
864,5.20E+00,4.96E+00,,
865,5.20E+00,4.96E+00,,
866,5.12E+00,4.96E+00,,
867,5.12E+00,4.96E+00,,
868,5.12E+00,4.96E+00,,
869,5.12E+00,4.96E+00,,
870,5.12E+00,4.96E+00,,
871,5.12E+00,4.96E+00,,
872,5.12E+00,4.88E+00,,
873,5.12E+00,4.88E+00,,
874,5.04E+00,4.96E+00,,
875,5.04E+00,4.96E+00,,
876,5.12E+00,4.96E+00,,
877,5.12E+00,4.96E+00,,
878,5.12E+00,4.96E+00,,
879,5.12E+00,4.96E+00,,
880,5.12E+00,4.96E+00,,
881,5.12E+00,4.96E+00,,
882,5.12E+00,4.88E+00,,
883,5.12E+00,4.88E+00,,
884,5.20E+00,4.88E+00,,
885,5.20E+00,4.88E+00,,
886,5.12E+00,4.88E+00,,
887,5.12E+00,4.88E+00,,
888,5.20E+00,4.96E+00,,
889,5.20E+00,4.96E+00,,
890,5.20E+00,4.96E+00,,
891,5.20E+00,4.96E+00,,
892,5.12E+00,4.88E+00,,
893,5.12E+00,4.88E+00,,
894,5.20E+00,4.96E+00,,
895,5.20E+00,4.96E+00,,
896,5.12E+00,4.96E+00,,
897,5.12E+00,4.96E+00,,
898,5.12E+00,4.96E+00,,
899,5.12E+00,4.96E+00,,
900,5.12E+00,4.96E+00,,
901,5.12E+00,4.96E+00,,
902,5.20E+00,4.96E+00,,
903,5.20E+00,4.96E+00,,
904,5.12E+00,4.96E+00,,
905,5.12E+00,4.96E+00,,
906,5.12E+00,4.88E+00,,
907,5.12E+00,4.88E+00,,
908,5.12E+00,4.96E+00,,
909,5.12E+00,4.96E+00,,
910,5.12E+00,4.96E+00,,
911,5.12E+00,4.96E+00,,
912,5.12E+00,4.88E+00,,
913,5.12E+00,4.88E+00,,
914,5.20E+00,4.88E+00,,
915,5.20E+00,4.88E+00,,
916,5.12E+00,4.96E+00,,
917,5.12E+00,4.96E+00,,
918,5.12E+00,4.88E+00,,
919,5.12E+00,4.88E+00,,
920,5.12E+00,4.88E+00,,
921,5.12E+00,4.88E+00,,
922,5.12E+00,4.96E+00,,
923,5.12E+00,4.96E+00,,
924,5.20E+00,4.88E+00,,
925,5.20E+00,4.88E+00,,
926,5.12E+00,4.88E+00,,
927,5.12E+00,4.88E+00,,
928,5.12E+00,4.96E+00,,
929,5.12E+00,4.96E+00,,
930,5.12E+00,4.96E+00,,
931,5.12E+00,4.96E+00,,
932,5.20E+00,4.96E+00,,
933,5.20E+00,4.96E+00,,
934,5.12E+00,4.96E+00,,
935,5.12E+00,4.96E+00,,
936,5.20E+00,4.96E+00,,
937,5.20E+00,4.96E+00,,
938,5.12E+00,4.96E+00,,
939,5.12E+00,4.96E+00,,
940,5.12E+00,4.88E+00,,
941,5.12E+00,4.88E+00,,
942,5.20E+00,4.96E+00,,
943,5.20E+00,4.96E+00,,
944,5.12E+00,4.96E+00,,
945,5.12E+00,4.96E+00,,
946,5.12E+00,4.96E+00,,
947,5.12E+00,4.96E+00,,
948,5.12E+00,4.96E+00,,
949,5.12E+00,4.96E+00,,
950,5.12E+00,4.96E+00,,
951,5.12E+00,4.96E+00,,
952,5.12E+00,4.96E+00,,
953,5.12E+00,4.96E+00,,
954,5.20E+00,4.88E+00,,
955,5.20E+00,4.88E+00,,
956,5.12E+00,4.96E+00,,
957,5.12E+00,4.96E+00,,
958,5.12E+00,4.96E+00,,
959,5.12E+00,4.96E+00,,
960,5.12E+00,4.88E+00,,
961,5.12E+00,4.88E+00,,
962,5.12E+00,4.88E+00,,
963,5.12E+00,4.88E+00,,
964,5.20E+00,4.96E+00,,
965,5.20E+00,4.96E+00,,
966,5.12E+00,4.96E+00,,
967,5.12E+00,4.96E+00,,
968,5.20E+00,4.96E+00,,
969,5.20E+00,4.96E+00,,
970,5.12E+00,4.96E+00,,
971,5.12E+00,4.96E+00,,
972,5.20E+00,4.96E+00,,
973,5.20E+00,4.96E+00,,
974,5.12E+00,4.88E+00,,
975,5.12E+00,4.88E+00,,
976,5.12E+00,4.96E+00,,
977,5.12E+00,4.96E+00,,
978,5.20E+00,4.96E+00,,
979,5.20E+00,4.96E+00,,
980,5.12E+00,4.88E+00,,
981,5.12E+00,4.88E+00,,
982,5.12E+00,4.96E+00,,
983,5.12E+00,4.96E+00,,
984,5.12E+00,4.96E+00,,
985,5.12E+00,4.96E+00,,
986,5.20E+00,4.96E+00,,
987,5.20E+00,4.96E+00,,
988,5.12E+00,4.96E+00,,
989,5.12E+00,4.96E+00,,
990,5.12E+00,4.96E+00,,
991,5.12E+00,4.96E+00,,
992,5.20E+00,4.88E+00,,
993,5.20E+00,4.88E+00,,
994,5.12E+00,4.88E+00,,
995,5.12E+00,4.88E+00,,
996,5.12E+00,4.96E+00,,
997,5.12E+00,4.96E+00,,
998,5.12E+00,4.88E+00,,
999,5.12E+00,4.88E+00,,
1000,5.20E+00,4.96E+00,,
1001,5.20E+00,4.96E+00,,
1002,5.12E+00,4.96E+00,,
1003,5.12E+00,4.96E+00,,
1004,5.20E+00,4.96E+00,,
1005,5.20E+00,4.96E+00,,
1006,5.12E+00,4.96E+00,,
1007,5.12E+00,4.96E+00,,
1008,5.12E+00,4.96E+00,,
1009,5.12E+00,4.96E+00,,
1010,5.12E+00,4.96E+00,,
1011,5.12E+00,4.96E+00,,
1012,5.12E+00,4.96E+00,,
1013,5.12E+00,4.96E+00,,
1014,5.12E+00,4.96E+00,,
1015,5.12E+00,4.96E+00,,
1016,5.12E+00,5.04E+00,,
1017,5.12E+00,5.04E+00,,
1018,5.12E+00,5.04E+00,,
1019,5.12E+00,5.04E+00,,
1020,5.12E+00,5.12E+00,,
1021,5.12E+00,5.12E+00,,
1022,5.20E+00,5.12E+00,,
1023,5.20E+00,5.12E+00,,
1024,5.12E+00,5.12E+00,,
1025,5.12E+00,5.12E+00,,
1026,5.20E+00,5.04E+00,,
1027,5.20E+00,5.04E+00,,
1028,5.20E+00,5.04E+00,,
1029,5.20E+00,5.04E+00,,
1030,5.12E+00,4.96E+00,,
1031,5.12E+00,4.96E+00,,
1032,5.12E+00,4.88E+00,,
1033,5.12E+00,4.88E+00,,
1034,5.12E+00,4.80E+00,,
1035,5.12E+00,4.80E+00,,
1036,5.12E+00,4.80E+00,,
1037,5.12E+00,4.80E+00,,
1038,5.12E+00,4.80E+00,,
1039,5.12E+00,4.80E+00,,
1040,5.12E+00,4.80E+00,,
1041,5.12E+00,4.80E+00,,
1042,5.12E+00,4.80E+00,,
1043,5.12E+00,4.80E+00,,
1044,5.12E+00,4.88E+00,,
1045,5.12E+00,4.88E+00,,
1046,5.20E+00,4.88E+00,,
1047,5.20E+00,4.88E+00,,
1048,5.12E+00,4.96E+00,,
1049,5.12E+00,4.96E+00,,
1050,5.12E+00,4.96E+00,,
1051,5.12E+00,4.96E+00,,
1052,5.12E+00,4.96E+00,,
1053,5.12E+00,4.96E+00,,
1054,5.12E+00,4.96E+00,,
1055,5.12E+00,4.96E+00,,
1056,5.20E+00,4.96E+00,,
1057,5.20E+00,4.96E+00,,
1058,5.12E+00,4.96E+00,,
1059,5.12E+00,4.96E+00,,
1060,5.12E+00,4.96E+00,,
1061,5.12E+00,4.96E+00,,
1062,5.12E+00,4.96E+00,,
1063,5.12E+00,4.96E+00,,
1064,5.12E+00,4.96E+00,,
1065,5.12E+00,4.96E+00,,
1066,5.12E+00,5.04E+00,,
1067,5.12E+00,5.04E+00,,
1068,5.12E+00,4.96E+00,,
1069,5.12E+00,4.96E+00,,
1070,5.12E+00,5.04E+00,,
1071,5.12E+00,5.04E+00,,
1072,5.12E+00,4.96E+00,,
1073,5.12E+00,4.96E+00,,
1074,5.12E+00,5.04E+00,,
1075,5.12E+00,5.04E+00,,
1076,5.12E+00,4.96E+00,,
1077,5.12E+00,4.96E+00,,
1078,5.20E+00,5.04E+00,,
1079,5.20E+00,5.04E+00,,
1080,5.12E+00,4.96E+00,,
1081,5.12E+00,4.96E+00,,
1082,5.12E+00,4.96E+00,,
1083,5.12E+00,4.96E+00,,
1084,5.12E+00,4.96E+00,,
1085,5.12E+00,4.96E+00,,
1086,5.12E+00,4.96E+00,,
1087,5.12E+00,4.96E+00,,
1088,5.12E+00,4.96E+00,,
1089,5.12E+00,4.96E+00,,
1090,5.12E+00,4.88E+00,,
1091,5.12E+00,4.88E+00,,
1092,5.12E+00,4.96E+00,,
1093,5.12E+00,4.96E+00,,
1094,5.12E+00,4.96E+00,,
1095,5.12E+00,4.96E+00,,
1096,5.12E+00,4.96E+00,,
1097,5.12E+00,4.96E+00,,
1098,5.12E+00,5.04E+00,,
1099,5.12E+00,5.04E+00,,
1100,5.12E+00,4.96E+00,,
1101,5.12E+00,4.96E+00,,
1102,5.12E+00,5.04E+00,,
1103,5.12E+00,5.04E+00,,
1104,5.12E+00,4.96E+00,,
1105,5.12E+00,4.96E+00,,
1106,5.12E+00,4.96E+00,,
1107,5.12E+00,4.96E+00,,
1108,5.12E+00,5.04E+00,,
1109,5.12E+00,5.04E+00,,
1110,5.12E+00,4.96E+00,,
1111,5.12E+00,4.96E+00,,
1112,5.12E+00,4.96E+00,,
1113,5.12E+00,4.96E+00,,
1114,5.12E+00,4.96E+00,,
1115,5.12E+00,4.96E+00,,
1116,5.12E+00,4.96E+00,,
1117,5.12E+00,4.96E+00,,
1118,5.12E+00,4.96E+00,,
1119,5.12E+00,4.96E+00,,
1120,5.12E+00,4.96E+00,,
1121,5.12E+00,4.96E+00,,
1122,5.12E+00,4.96E+00,,
1123,5.12E+00,4.96E+00,,
1124,5.12E+00,4.96E+00,,
1125,5.12E+00,4.96E+00,,
1126,5.12E+00,5.04E+00,,
1127,5.12E+00,5.04E+00,,
1128,5.12E+00,4.96E+00,,
1129,5.12E+00,4.96E+00,,
1130,5.12E+00,4.96E+00,,
1131,5.12E+00,4.96E+00,,
1132,5.12E+00,5.04E+00,,
1133,5.12E+00,5.04E+00,,
1134,5.12E+00,4.96E+00,,
1135,5.12E+00,4.96E+00,,
1136,5.12E+00,4.96E+00,,
1137,5.12E+00,4.96E+00,,
1138,5.12E+00,4.96E+00,,
1139,5.12E+00,4.96E+00,,
1140,5.12E+00,4.96E+00,,
1141,5.12E+00,4.96E+00,,
1142,5.12E+00,4.96E+00,,
1143,5.12E+00,4.96E+00,,
1144,5.12E+00,4.96E+00,,
1145,5.12E+00,4.96E+00,,
1146,5.12E+00,4.96E+00,,
1147,5.12E+00,4.96E+00,,
1148,5.12E+00,4.96E+00,,
1149,5.12E+00,4.96E+00,,
1150,5.12E+00,4.96E+00,,
1151,5.12E+00,4.96E+00,,
1152,5.12E+00,4.96E+00,,
1153,5.12E+00,4.96E+00,,
1154,5.12E+00,4.96E+00,,
1155,5.12E+00,4.96E+00,,
1156,5.20E+00,4.96E+00,,
1157,5.20E+00,4.96E+00,,
1158,5.12E+00,4.96E+00,,
1159,5.12E+00,4.96E+00,,
1160,5.12E+00,4.96E+00,,
1161,5.12E+00,4.96E+00,,
1162,5.12E+00,4.96E+00,,
1163,5.12E+00,4.96E+00,,
1164,5.12E+00,4.96E+00,,
1165,5.12E+00,4.96E+00,,
1166,5.12E+00,4.96E+00,,
1167,5.12E+00,4.96E+00,,
1168,5.12E+00,4.96E+00,,
1169,5.12E+00,4.96E+00,,
1170,5.12E+00,4.96E+00,,
1171,5.12E+00,4.96E+00,,
1172,5.20E+00,4.96E+00,,
1173,5.20E+00,4.96E+00,,
1174,5.12E+00,4.96E+00,,
1175,5.12E+00,4.96E+00,,
1176,5.12E+00,4.96E+00,,
1177,5.12E+00,4.96E+00,,
1178,5.12E+00,4.96E+00,,
1179,5.12E+00,4.96E+00,,
1180,5.12E+00,4.96E+00,,
1181,5.12E+00,4.96E+00,,
1182,5.12E+00,5.04E+00,,
1183,5.12E+00,5.04E+00,,
1184,5.12E+00,4.96E+00,,
1185,5.12E+00,4.96E+00,,
1186,5.12E+00,4.96E+00,,
1187,5.12E+00,4.96E+00,,
1188,5.12E+00,4.96E+00,,
1189,5.12E+00,4.96E+00,,
1190,5.12E+00,4.96E+00,,
1191,5.12E+00,4.96E+00,,
1192,5.12E+00,5.04E+00,,
1193,5.12E+00,5.04E+00,,
1194,5.12E+00,4.96E+00,,
1195,5.12E+00,4.96E+00,,
1196,5.12E+00,4.96E+00,,
1197,5.12E+00,4.96E+00,,
1198,5.12E+00,4.96E+00,,
1199,5.12E+00,4.96E+00,,
1200,5.12E+00,4.96E+00,,
1201,5.12E+00,4.96E+00,,
1202,5.12E+00,4.96E+00,,
1203,5.12E+00,4.96E+00,,
1204,5.12E+00,4.96E+00,,
1205,5.12E+00,4.96E+00,,
1206,5.12E+00,5.04E+00,,
1207,5.12E+00,5.04E+00,,
1208,5.12E+00,4.96E+00,,
1209,5.12E+00,4.96E+00,,
1210,5.12E+00,4.96E+00,,
1211,5.12E+00,4.96E+00,,
1212,5.12E+00,4.96E+00,,
1213,5.12E+00,4.96E+00,,
1214,5.12E+00,4.96E+00,,
1215,5.12E+00,4.96E+00,,
1216,5.12E+00,4.96E+00,,
1217,5.12E+00,4.96E+00,,
1218,5.12E+00,4.96E+00,,
1219,5.12E+00,4.96E+00,,
1220,5.12E+00,4.96E+00,,
1221,5.12E+00,4.96E+00,,
1222,5.20E+00,4.88E+00,,
1223,5.20E+00,4.88E+00,,
1224,5.12E+00,4.96E+00,,
1225,5.12E+00,4.96E+00,,
1226,5.12E+00,4.96E+00,,
1227,5.12E+00,4.96E+00,,
1228,5.04E+00,4.96E+00,,
1229,5.04E+00,4.96E+00,,
1230,5.12E+00,4.88E+00,,
1231,5.12E+00,4.88E+00,,
1232,5.12E+00,4.96E+00,,
1233,5.12E+00,4.96E+00,,
1234,5.12E+00,4.96E+00,,
1235,5.12E+00,4.96E+00,,
1236,5.20E+00,4.96E+00,,
1237,5.20E+00,4.96E+00,,
1238,5.20E+00,5.04E+00,,
1239,5.20E+00,5.04E+00,,
1240,5.20E+00,4.96E+00,,
1241,5.20E+00,4.96E+00,,
1242,5.20E+00,5.04E+00,,
1243,5.20E+00,5.04E+00,,
1244,5.20E+00,4.96E+00,,
1245,5.20E+00,4.96E+00,,
1246,5.20E+00,4.96E+00,,
1247,5.20E+00,4.96E+00,,
1248,5.12E+00,4.96E+00,,
1249,5.12E+00,4.96E+00,,
1250,5.12E+00,4.96E+00,,
1251,5.12E+00,4.96E+00,,
1252,5.12E+00,4.96E+00,,
1253,5.12E+00,4.96E+00,,
1254,5.12E+00,4.96E+00,,
1255,5.12E+00,4.96E+00,,
1256,5.04E+00,4.96E+00,,
1257,5.04E+00,4.96E+00,,
1258,5.04E+00,4.96E+00,,
1259,5.04E+00,4.96E+00,,
1260,5.12E+00,4.96E+00,,
1261,5.12E+00,4.96E+00,,
1262,5.12E+00,4.96E+00,,
1263,5.12E+00,4.96E+00,,
1264,5.12E+00,5.04E+00,,
1265,5.12E+00,5.04E+00,,
1266,5.12E+00,4.96E+00,,
1267,5.12E+00,4.96E+00,,
1268,5.12E+00,4.96E+00,,
1269,5.12E+00,4.96E+00,,
1270,5.04E+00,5.04E+00,,
1271,5.04E+00,5.04E+00,,
1272,5.12E+00,4.96E+00,,
1273,5.12E+00,4.96E+00,,
1274,5.12E+00,4.96E+00,,
1275,5.12E+00,4.96E+00,,
1276,5.12E+00,4.96E+00,,
1277,5.12E+00,4.96E+00,,
1278,5.12E+00,4.96E+00,,
1279,5.12E+00,4.96E+00,,
1280,5.12E+00,4.96E+00,,
1281,5.12E+00,4.96E+00,,
1282,5.12E+00,4.96E+00,,
1283,5.12E+00,4.96E+00,,
1284,5.12E+00,4.96E+00,,
1285,5.12E+00,4.96E+00,,
1286,5.12E+00,4.88E+00,,
1287,5.12E+00,4.88E+00,,
1288,5.20E+00,4.96E+00,,
1289,5.20E+00,4.96E+00,,
1290,5.12E+00,4.96E+00,,
1291,5.12E+00,4.96E+00,,
1292,5.12E+00,4.96E+00,,
1293,5.12E+00,4.96E+00,,
1294,5.12E+00,4.96E+00,,
1295,5.12E+00,4.96E+00,,
1296,5.12E+00,5.04E+00,,
1297,5.12E+00,5.04E+00,,
1298,5.12E+00,5.04E+00,,
1299,5.12E+00,5.04E+00,,
1300,5.12E+00,4.96E+00,,
1301,5.12E+00,4.96E+00,,
1302,5.12E+00,4.96E+00,,
1303,5.12E+00,4.96E+00,,
1304,5.12E+00,4.96E+00,,
1305,5.12E+00,4.96E+00,,
1306,5.12E+00,4.96E+00,,
1307,5.12E+00,4.96E+00,,
1308,5.12E+00,4.96E+00,,
1309,5.12E+00,4.96E+00,,
1310,5.12E+00,5.04E+00,,
1311,5.12E+00,5.04E+00,,
1312,5.20E+00,4.96E+00,,
1313,5.20E+00,4.96E+00,,
1314,5.12E+00,4.96E+00,,
1315,5.12E+00,4.96E+00,,
1316,5.12E+00,4.96E+00,,
1317,5.12E+00,4.96E+00,,
1318,5.12E+00,4.96E+00,,
1319,5.12E+00,4.96E+00,,
1320,5.12E+00,5.04E+00,,
1321,5.12E+00,5.04E+00,,
1322,5.12E+00,4.96E+00,,
1323,5.12E+00,4.96E+00,,
1324,5.12E+00,4.96E+00,,
1325,5.12E+00,4.96E+00,,
1326,5.12E+00,4.96E+00,,
1327,5.12E+00,4.96E+00,,
1328,5.12E+00,4.96E+00,,
1329,5.12E+00,4.96E+00,,
1330,5.12E+00,4.96E+00,,
1331,5.12E+00,4.96E+00,,
1332,5.12E+00,4.96E+00,,
1333,5.12E+00,4.96E+00,,
1334,5.12E+00,5.04E+00,,
1335,5.12E+00,5.04E+00,,
1336,5.12E+00,4.96E+00,,
1337,5.12E+00,4.96E+00,,
1338,5.12E+00,4.96E+00,,
1339,5.12E+00,4.96E+00,,
1340,5.12E+00,5.04E+00,,
1341,5.12E+00,5.04E+00,,
1342,5.12E+00,4.96E+00,,
1343,5.12E+00,4.96E+00,,
1344,5.12E+00,5.04E+00,,
1345,5.12E+00,5.04E+00,,
1346,5.12E+00,4.96E+00,,
1347,5.12E+00,4.96E+00,,
1348,5.12E+00,5.04E+00,,
1349,5.12E+00,5.04E+00,,
1350,5.12E+00,4.88E+00,,
1351,5.12E+00,4.88E+00,,
1352,5.12E+00,4.96E+00,,
1353,5.12E+00,4.96E+00,,
1354,5.12E+00,4.96E+00,,
1355,5.12E+00,4.96E+00,,
1356,5.12E+00,4.96E+00,,
1357,5.12E+00,4.96E+00,,
1358,5.12E+00,4.96E+00,,
1359,5.12E+00,4.96E+00,,
1360,5.12E+00,4.96E+00,,
1361,5.12E+00,4.96E+00,,
1362,5.12E+00,4.96E+00,,
1363,5.12E+00,4.96E+00,,
1364,5.12E+00,4.96E+00,,
1365,5.12E+00,4.96E+00,,
1366,5.12E+00,4.96E+00,,
1367,5.12E+00,4.96E+00,,
1368,5.12E+00,4.96E+00,,
1369,5.12E+00,4.96E+00,,
1370,5.12E+00,4.96E+00,,
1371,5.12E+00,4.96E+00,,
1372,5.12E+00,5.04E+00,,
1373,5.12E+00,5.04E+00,,
1374,5.12E+00,4.96E+00,,
1375,5.12E+00,4.96E+00,,
1376,5.12E+00,4.96E+00,,
1377,5.12E+00,4.96E+00,,
1378,5.12E+00,4.96E+00,,
1379,5.12E+00,4.96E+00,,
1380,5.12E+00,4.96E+00,,
1381,5.12E+00,4.96E+00,,
1382,5.12E+00,4.96E+00,,
1383,5.12E+00,4.96E+00,,
1384,5.12E+00,4.96E+00,,
1385,5.12E+00,4.96E+00,,
1386,5.20E+00,4.96E+00,,
1387,5.20E+00,4.96E+00,,
1388,5.12E+00,4.96E+00,,
1389,5.12E+00,4.96E+00,,
1390,5.12E+00,4.96E+00,,
1391,5.12E+00,4.96E+00,,
1392,5.12E+00,4.96E+00,,
1393,5.12E+00,4.96E+00,,
1394,5.12E+00,5.04E+00,,
1395,5.12E+00,5.04E+00,,
1396,5.12E+00,4.96E+00,,
1397,5.12E+00,4.96E+00,,
1398,5.12E+00,5.04E+00,,
1399,5.12E+00,5.04E+00,,
