X,CH1,CH2,Start,Increment,
Sequence,Volt,Volt,-1.400000e-06,2.000000e-09,
0,-8.000000e-02,8.000000e-02,
1,0.000000e+00,0.000000e+00,
2,-8.000000e-02,8.000000e-02,
3,0.000000e+00,0.000000e+00,
4,0.000000e+00,0.000000e+00,
5,-8.000000e-02,8.000000e-02,
6,0.000000e+00,8.000000e-02,
7,-8.000000e-02,8.000000e-02,
8,0.000000e+00,8.000000e-02,
9,-8.000000e-02,0.000000e+00,
10,0.000000e+00,8.000000e-02,
11,-8.000000e-02,0.000000e+00,
12,-8.000000e-02,8.000000e-02,
13,0.000000e+00,0.000000e+00,
14,0.000000e+00,8.000000e-02,
15,0.000000e+00,8.000000e-02,
16,0.000000e+00,8.000000e-02,
17,-8.000000e-02,0.000000e+00,
18,0.000000e+00,8.000000e-02,
19,-8.000000e-02,8.000000e-02,
20,0.000000e+00,8.000000e-02,
21,-8.000000e-02,0.000000e+00,
22,0.000000e+00,8.000000e-02,
23,0.000000e+00,0.000000e+00,
24,-8.000000e-02,0.000000e+00,
25,8.000000e-02,8.000000e-02,
26,-8.000000e-02,8.000000e-02,
27,8.000000e-02,0.000000e+00,
28,0.000000e+00,8.000000e-02,
29,0.000000e+00,8.000000e-02,
30,0.000000e+00,8.000000e-02,
31,-8.000000e-02,0.000000e+00,
32,0.000000e+00,8.000000e-02,
33,0.000000e+00,0.000000e+00,
34,0.000000e+00,0.000000e+00,
35,-8.000000e-02,8.000000e-02,
36,-8.000000e-02,0.000000e+00,
37,0.000000e+00,8.000000e-02,
38,-8.000000e-02,8.000000e-02,
39,0.000000e+00,0.000000e+00,
40,0.000000e+00,8.000000e-02,
41,-8.000000e-02,0.000000e+00,
42,-8.000000e-02,0.000000e+00,
43,0.000000e+00,8.000000e-02,
44,-8.000000e-02,0.000000e+00,
45,0.000000e+00,8.000000e-02,
46,-8.000000e-02,8.000000e-02,
47,0.000000e+00,0.000000e+00,
48,0.000000e+00,8.000000e-02,
49,-8.000000e-02,0.000000e+00,
50,0.000000e+00,8.000000e-02,
51,0.000000e+00,0.000000e+00,
52,-8.000000e-02,0.000000e+00,
53,0.000000e+00,8.000000e-02,
54,0.000000e+00,0.000000e+00,
55,0.000000e+00,8.000000e-02,
56,0.000000e+00,8.000000e-02,
57,-8.000000e-02,8.000000e-02,
58,0.000000e+00,8.000000e-02,
59,0.000000e+00,0.000000e+00,
60,-8.000000e-02,8.000000e-02,
61,0.000000e+00,0.000000e+00,
62,0.000000e+00,0.000000e+00,
63,-8.000000e-02,8.000000e-02,
64,0.000000e+00,8.000000e-02,
65,0.000000e+00,0.000000e+00,
66,0.000000e+00,8.000000e-02,
67,0.000000e+00,0.000000e+00,
68,0.000000e+00,8.000000e-02,
69,0.000000e+00,0.000000e+00,
70,0.000000e+00,8.000000e-02,
71,-8.000000e-02,0.000000e+00,
72,0.000000e+00,8.000000e-02,
73,-8.000000e-02,8.000000e-02,
74,0.000000e+00,0.000000e+00,
75,0.000000e+00,8.000000e-02,
76,0.000000e+00,0.000000e+00,
77,0.000000e+00,8.000000e-02,
78,-8.000000e-02,8.000000e-02,
79,0.000000e+00,0.000000e+00,
80,0.000000e+00,0.000000e+00,
81,-8.000000e-02,0.000000e+00,
82,0.000000e+00,8.000000e-02,
83,0.000000e+00,0.000000e+00,
84,0.000000e+00,8.000000e-02,
85,0.000000e+00,0.000000e+00,
86,-8.000000e-02,0.000000e+00,
87,0.000000e+00,8.000000e-02,
88,0.000000e+00,8.000000e-02,
89,-8.000000e-02,0.000000e+00,
90,0.000000e+00,8.000000e-02,
91,0.000000e+00,0.000000e+00,
92,0.000000e+00,8.000000e-02,
93,0.000000e+00,0.000000e+00,
94,-8.000000e-02,8.000000e-02,
95,0.000000e+00,8.000000e-02,
96,0.000000e+00,8.000000e-02,
97,-8.000000e-02,0.000000e+00,
98,0.000000e+00,8.000000e-02,
99,0.000000e+00,8.000000e-02,
100,0.000000e+00,8.000000e-02,
101,-8.000000e-02,0.000000e+00,
102,-8.000000e-02,8.000000e-02,
103,0.000000e+00,0.000000e+00,
104,0.000000e+00,8.000000e-02,
105,0.000000e+00,0.000000e+00,
106,0.000000e+00,8.000000e-02,
107,-8.000000e-02,0.000000e+00,
108,-8.000000e-02,8.000000e-02,
109,0.000000e+00,0.000000e+00,
110,0.000000e+00,8.000000e-02,
111,0.000000e+00,8.000000e-02,
112,-8.000000e-02,0.000000e+00,
113,0.000000e+00,8.000000e-02,
114,-8.000000e-02,0.000000e+00,
115,0.000000e+00,8.000000e-02,
116,0.000000e+00,8.000000e-02,
117,0.000000e+00,0.000000e+00,
118,0.000000e+00,8.000000e-02,
119,0.000000e+00,0.000000e+00,
120,0.000000e+00,8.000000e-02,
121,-8.000000e-02,0.000000e+00,
122,0.000000e+00,8.000000e-02,
123,-8.000000e-02,0.000000e+00,
124,-8.000000e-02,8.000000e-02,
125,0.000000e+00,0.000000e+00,
126,0.000000e+00,8.000000e-02,
127,-8.000000e-02,0.000000e+00,
128,0.000000e+00,0.000000e+00,
129,-8.000000e-02,8.000000e-02,
130,0.000000e+00,8.000000e-02,
131,-8.000000e-02,0.000000e+00,
132,0.000000e+00,8.000000e-02,
133,0.000000e+00,0.000000e+00,
134,0.000000e+00,8.000000e-02,
135,0.000000e+00,0.000000e+00,
136,0.000000e+00,8.000000e-02,
137,0.000000e+00,0.000000e+00,
138,0.000000e+00,0.000000e+00,
139,-8.000000e-02,8.000000e-02,
140,0.000000e+00,0.000000e+00,
141,-8.000000e-02,8.000000e-02,
142,0.000000e+00,0.000000e+00,
143,-8.000000e-02,8.000000e-02,
144,0.000000e+00,8.000000e-02,
145,0.000000e+00,0.000000e+00,
146,0.000000e+00,8.000000e-02,
147,0.000000e+00,0.000000e+00,
148,0.000000e+00,8.000000e-02,
149,-8.000000e-02,0.000000e+00,
150,0.000000e+00,8.000000e-02,
151,0.000000e+00,0.000000e+00,
152,0.000000e+00,8.000000e-02,
153,0.000000e+00,0.000000e+00,
154,0.000000e+00,8.000000e-02,
155,0.000000e+00,0.000000e+00,
156,0.000000e+00,8.000000e-02,
157,-8.000000e-02,0.000000e+00,
158,0.000000e+00,8.000000e-02,
159,0.000000e+00,0.000000e+00,
160,-8.000000e-02,8.000000e-02,
161,0.000000e+00,8.000000e-02,
162,0.000000e+00,8.000000e-02,
163,0.000000e+00,0.000000e+00,
164,0.000000e+00,8.000000e-02,
165,-8.000000e-02,0.000000e+00,
166,0.000000e+00,8.000000e-02,
167,0.000000e+00,0.000000e+00,
168,0.000000e+00,8.000000e-02,
169,-8.000000e-02,8.000000e-02,
170,0.000000e+00,8.000000e-02,
171,-8.000000e-02,8.000000e-02,
172,0.000000e+00,8.000000e-02,
173,0.000000e+00,0.000000e+00,
174,0.000000e+00,0.000000e+00,
175,-8.000000e-02,8.000000e-02,
176,-8.000000e-02,8.000000e-02,
177,0.000000e+00,0.000000e+00,
178,-8.000000e-02,8.000000e-02,
179,0.000000e+00,0.000000e+00,
180,0.000000e+00,0.000000e+00,
181,0.000000e+00,8.000000e-02,
182,-8.000000e-02,0.000000e+00,
183,0.000000e+00,8.000000e-02,
184,0.000000e+00,0.000000e+00,
185,0.000000e+00,8.000000e-02,
186,-8.000000e-02,8.000000e-02,
187,0.000000e+00,8.000000e-02,
188,-8.000000e-02,8.000000e-02,
189,0.000000e+00,0.000000e+00,
190,0.000000e+00,8.000000e-02,
191,-8.000000e-02,0.000000e+00,
192,0.000000e+00,0.000000e+00,
193,-8.000000e-02,8.000000e-02,
194,0.000000e+00,8.000000e-02,
195,-8.000000e-02,0.000000e+00,
196,0.000000e+00,8.000000e-02,
197,-8.000000e-02,0.000000e+00,
198,0.000000e+00,8.000000e-02,
199,0.000000e+00,0.000000e+00,
200,0.000000e+00,8.000000e-02,
201,0.000000e+00,0.000000e+00,
202,0.000000e+00,8.000000e-02,
203,0.000000e+00,8.000000e-02,
204,0.000000e+00,8.000000e-02,
205,0.000000e+00,0.000000e+00,
206,0.000000e+00,8.000000e-02,
207,0.000000e+00,8.000000e-02,
208,-8.000000e-02,8.000000e-02,
209,0.000000e+00,0.000000e+00,
210,0.000000e+00,8.000000e-02,
211,0.000000e+00,8.000000e-02,
212,0.000000e+00,8.000000e-02,
213,-8.000000e-02,0.000000e+00,
214,-8.000000e-02,8.000000e-02,
215,0.000000e+00,0.000000e+00,
216,0.000000e+00,8.000000e-02,
217,-8.000000e-02,0.000000e+00,
218,0.000000e+00,8.000000e-02,
219,0.000000e+00,8.000000e-02,
220,0.000000e+00,0.000000e+00,
221,0.000000e+00,8.000000e-02,
222,0.000000e+00,8.000000e-02,
223,-8.000000e-02,0.000000e+00,
224,0.000000e+00,8.000000e-02,
225,0.000000e+00,0.000000e+00,
226,-8.000000e-02,0.000000e+00,
227,0.000000e+00,8.000000e-02,
228,0.000000e+00,0.000000e+00,
229,0.000000e+00,8.000000e-02,
230,0.000000e+00,8.000000e-02,
231,0.000000e+00,0.000000e+00,
232,-8.000000e-02,8.000000e-02,
233,0.000000e+00,0.000000e+00,
234,0.000000e+00,0.000000e+00,
235,0.000000e+00,8.000000e-02,
236,0.000000e+00,8.000000e-02,
237,-8.000000e-02,0.000000e+00,
238,0.000000e+00,8.000000e-02,
239,0.000000e+00,0.000000e+00,
240,0.000000e+00,8.000000e-02,
241,0.000000e+00,0.000000e+00,
242,-8.000000e-02,0.000000e+00,
243,0.000000e+00,8.000000e-02,
244,-8.000000e-02,8.000000e-02,
245,0.000000e+00,0.000000e+00,
246,-8.000000e-02,0.000000e+00,
247,0.000000e+00,8.000000e-02,
248,0.000000e+00,8.000000e-02,
249,-8.000000e-02,0.000000e+00,
250,0.000000e+00,8.000000e-02,
251,0.000000e+00,0.000000e+00,
252,0.000000e+00,8.000000e-02,
253,-8.000000e-02,0.000000e+00,
254,-8.000000e-02,8.000000e-02,
255,0.000000e+00,8.000000e-02,
256,-8.000000e-02,8.000000e-02,
257,0.000000e+00,0.000000e+00,
258,0.000000e+00,8.000000e-02,
259,-8.000000e-02,0.000000e+00,
260,0.000000e+00,8.000000e-02,
261,0.000000e+00,0.000000e+00,
262,0.000000e+00,0.000000e+00,
263,-8.000000e-02,8.000000e-02,
264,0.000000e+00,8.000000e-02,
265,0.000000e+00,8.000000e-02,
266,0.000000e+00,8.000000e-02,
267,0.000000e+00,0.000000e+00,
268,0.000000e+00,8.000000e-02,
269,0.000000e+00,0.000000e+00,
270,-8.000000e-02,8.000000e-02,
271,0.000000e+00,0.000000e+00,
272,0.000000e+00,0.000000e+00,
273,8.000000e-02,8.000000e-02,
274,-8.000000e-02,8.000000e-02,
275,0.000000e+00,0.000000e+00,
276,-8.000000e-02,8.000000e-02,
277,0.000000e+00,8.000000e-02,
278,0.000000e+00,0.000000e+00,
279,0.000000e+00,8.000000e-02,
280,0.000000e+00,8.000000e-02,
281,-8.000000e-02,0.000000e+00,
282,0.000000e+00,0.000000e+00,
283,0.000000e+00,0.000000e+00,
284,0.000000e+00,8.000000e-02,
285,0.000000e+00,0.000000e+00,
286,-8.000000e-02,8.000000e-02,
287,0.000000e+00,8.000000e-02,
288,0.000000e+00,8.000000e-02,
289,0.000000e+00,0.000000e+00,
290,-8.000000e-02,8.000000e-02,
291,0.000000e+00,8.000000e-02,
292,0.000000e+00,8.000000e-02,
293,-8.000000e-02,8.000000e-02,
294,0.000000e+00,8.000000e-02,
295,0.000000e+00,8.000000e-02,
296,0.000000e+00,8.000000e-02,
297,-8.000000e-02,0.000000e+00,
298,0.000000e+00,0.000000e+00,
299,0.000000e+00,8.000000e-02,
300,-8.000000e-02,8.000000e-02,
301,0.000000e+00,0.000000e+00,
302,0.000000e+00,8.000000e-02,
303,-8.000000e-02,0.000000e+00,
304,0.000000e+00,8.000000e-02,
305,-8.000000e-02,8.000000e-02,
306,-8.000000e-02,0.000000e+00,
307,0.000000e+00,8.000000e-02,
308,0.000000e+00,0.000000e+00,
309,0.000000e+00,0.000000e+00,
310,0.000000e+00,0.000000e+00,
311,-8.000000e-02,8.000000e-02,
312,-8.000000e-02,8.000000e-02,
313,0.000000e+00,0.000000e+00,
314,0.000000e+00,8.000000e-02,
315,-8.000000e-02,0.000000e+00,
316,0.000000e+00,0.000000e+00,
317,0.000000e+00,8.000000e-02,
318,-8.000000e-02,8.000000e-02,
319,0.000000e+00,0.000000e+00,
320,0.000000e+00,8.000000e-02,
321,-8.000000e-02,8.000000e-02,
322,0.000000e+00,0.000000e+00,
323,-8.000000e-02,8.000000e-02,
324,0.000000e+00,0.000000e+00,
325,0.000000e+00,8.000000e-02,
326,0.000000e+00,8.000000e-02,
327,-8.000000e-02,8.000000e-02,
328,0.000000e+00,8.000000e-02,
329,-8.000000e-02,0.000000e+00,
330,0.000000e+00,8.000000e-02,
331,0.000000e+00,8.000000e-02,
332,0.000000e+00,8.000000e-02,
333,0.000000e+00,8.000000e-02,
334,0.000000e+00,8.000000e-02,
335,-8.000000e-02,0.000000e+00,
336,-8.000000e-02,0.000000e+00,
337,0.000000e+00,8.000000e-02,
338,0.000000e+00,8.000000e-02,
339,0.000000e+00,0.000000e+00,
340,-8.000000e-02,8.000000e-02,
341,8.000000e-02,0.000000e+00,
342,0.000000e+00,8.000000e-02,
343,0.000000e+00,8.000000e-02,
344,0.000000e+00,8.000000e-02,
345,0.000000e+00,8.000000e-02,
346,0.000000e+00,0.000000e+00,
347,-8.000000e-02,8.000000e-02,
348,0.000000e+00,8.000000e-02,
349,0.000000e+00,0.000000e+00,
350,0.000000e+00,0.000000e+00,
351,0.000000e+00,8.000000e-02,
352,-8.000000e-02,8.000000e-02,
353,0.000000e+00,0.000000e+00,
354,-8.000000e-02,8.000000e-02,
355,0.000000e+00,0.000000e+00,
356,0.000000e+00,8.000000e-02,
357,-8.000000e-02,0.000000e+00,
358,0.000000e+00,0.000000e+00,
359,0.000000e+00,8.000000e-02,
360,0.000000e+00,0.000000e+00,
361,-8.000000e-02,8.000000e-02,
362,0.000000e+00,8.000000e-02,
363,-8.000000e-02,0.000000e+00,
364,0.000000e+00,0.000000e+00,
365,0.000000e+00,8.000000e-02,
366,0.000000e+00,0.000000e+00,
367,-8.000000e-02,8.000000e-02,
368,0.000000e+00,8.000000e-02,
369,0.000000e+00,8.000000e-02,
370,0.000000e+00,0.000000e+00,
371,-8.000000e-02,8.000000e-02,
372,0.000000e+00,8.000000e-02,
373,0.000000e+00,0.000000e+00,
374,0.000000e+00,8.000000e-02,
375,-8.000000e-02,0.000000e+00,
376,0.000000e+00,8.000000e-02,
377,0.000000e+00,8.000000e-02,
378,0.000000e+00,8.000000e-02,
379,0.000000e+00,0.000000e+00,
380,0.000000e+00,8.000000e-02,
381,0.000000e+00,0.000000e+00,
382,0.000000e+00,8.000000e-02,
383,0.000000e+00,8.000000e-02,
384,0.000000e+00,8.000000e-02,
385,-8.000000e-02,0.000000e+00,
386,0.000000e+00,8.000000e-02,
387,-8.000000e-02,8.000000e-02,
388,0.000000e+00,8.000000e-02,
389,0.000000e+00,0.000000e+00,
390,0.000000e+00,0.000000e+00,
391,0.000000e+00,8.000000e-02,
392,0.000000e+00,0.000000e+00,
393,0.000000e+00,8.000000e-02,
394,0.000000e+00,0.000000e+00,
395,0.000000e+00,8.000000e-02,
396,0.000000e+00,8.000000e-02,
397,0.000000e+00,0.000000e+00,
398,-8.000000e-02,8.000000e-02,
399,0.000000e+00,0.000000e+00,
400,0.000000e+00,0.000000e+00,
401,0.000000e+00,8.000000e-02,
402,0.000000e+00,8.000000e-02,
403,0.000000e+00,0.000000e+00,
404,0.000000e+00,8.000000e-02,
405,0.000000e+00,8.000000e-02,
406,-8.000000e-02,0.000000e+00,
407,0.000000e+00,8.000000e-02,
408,0.000000e+00,8.000000e-02,
409,-8.000000e-02,0.000000e+00,
410,0.000000e+00,8.000000e-02,
411,-8.000000e-02,0.000000e+00,
412,-8.000000e-02,8.000000e-02,
413,0.000000e+00,0.000000e+00,
414,-8.000000e-02,8.000000e-02,
415,0.000000e+00,8.000000e-02,
416,-8.000000e-02,8.000000e-02,
417,0.000000e+00,0.000000e+00,
418,0.000000e+00,8.000000e-02,
419,0.000000e+00,8.000000e-02,
420,-8.000000e-02,8.000000e-02,
421,0.000000e+00,0.000000e+00,
422,0.000000e+00,8.000000e-02,
423,-8.000000e-02,8.000000e-02,
424,0.000000e+00,8.000000e-02,
425,0.000000e+00,8.000000e-02,
426,-8.000000e-02,8.000000e-02,
427,0.000000e+00,0.000000e+00,
428,0.000000e+00,0.000000e+00,
429,0.000000e+00,8.000000e-02,
430,-8.000000e-02,8.000000e-02,
431,0.000000e+00,0.000000e+00,
432,0.000000e+00,8.000000e-02,
433,0.000000e+00,0.000000e+00,
434,-8.000000e-02,8.000000e-02,
435,0.000000e+00,0.000000e+00,
436,-8.000000e-02,8.000000e-02,
437,0.000000e+00,0.000000e+00,
438,0.000000e+00,0.000000e+00,
439,-8.000000e-02,8.000000e-02,
440,-8.000000e-02,8.000000e-02,
441,0.000000e+00,0.000000e+00,
442,0.000000e+00,8.000000e-02,
443,0.000000e+00,0.000000e+00,
444,0.000000e+00,8.000000e-02,
445,0.000000e+00,0.000000e+00,
446,-8.000000e-02,8.000000e-02,
447,0.000000e+00,0.000000e+00,
448,0.000000e+00,8.000000e-02,
449,0.000000e+00,0.000000e+00,
450,0.000000e+00,8.000000e-02,
451,-8.000000e-02,0.000000e+00,
452,-8.000000e-02,8.000000e-02,
453,0.000000e+00,0.000000e+00,
454,0.000000e+00,0.000000e+00,
455,-8.000000e-02,8.000000e-02,
456,0.000000e+00,8.000000e-02,
457,-8.000000e-02,0.000000e+00,
458,0.000000e+00,8.000000e-02,
459,-8.000000e-02,0.000000e+00,
460,0.000000e+00,8.000000e-02,
461,-8.000000e-02,0.000000e+00,
462,-8.000000e-02,8.000000e-02,
463,0.000000e+00,0.000000e+00,
464,0.000000e+00,8.000000e-02,
465,0.000000e+00,0.000000e+00,
466,-8.000000e-02,8.000000e-02,
467,0.000000e+00,0.000000e+00,
468,0.000000e+00,8.000000e-02,
469,0.000000e+00,0.000000e+00,
470,0.000000e+00,0.000000e+00,
471,-8.000000e-02,8.000000e-02,
472,0.000000e+00,8.000000e-02,
473,-8.000000e-02,0.000000e+00,
474,-8.000000e-02,0.000000e+00,
475,0.000000e+00,8.000000e-02,
476,0.000000e+00,8.000000e-02,
477,-8.000000e-02,0.000000e+00,
478,0.000000e+00,8.000000e-02,
479,0.000000e+00,0.000000e+00,
480,-8.000000e-02,8.000000e-02,
481,0.000000e+00,0.000000e+00,
482,0.000000e+00,8.000000e-02,
483,-8.000000e-02,0.000000e+00,
484,0.000000e+00,8.000000e-02,
485,0.000000e+00,0.000000e+00,
486,8.000000e-02,0.000000e+00,
487,-8.000000e-02,8.000000e-02,
488,-8.000000e-02,8.000000e-02,
489,0.000000e+00,0.000000e+00,
490,-8.000000e-02,8.000000e-02,
491,0.000000e+00,0.000000e+00,
492,-8.000000e-02,8.000000e-02,
493,0.000000e+00,8.000000e-02,
494,0.000000e+00,8.000000e-02,
495,0.000000e+00,0.000000e+00,
496,0.000000e+00,8.000000e-02,
497,0.000000e+00,8.000000e-02,
498,0.000000e+00,8.000000e-02,
499,0.000000e+00,0.000000e+00,
500,0.000000e+00,8.000000e-02,
501,-8.000000e-02,0.000000e+00,
502,-8.000000e-02,8.000000e-02,
503,0.000000e+00,0.000000e+00,
504,-8.000000e-02,8.000000e-02,
505,0.000000e+00,0.000000e+00,
506,0.000000e+00,8.000000e-02,
507,-8.000000e-02,0.000000e+00,
508,0.000000e+00,8.000000e-02,
509,-8.000000e-02,8.000000e-02,
510,-8.000000e-02,8.000000e-02,
511,0.000000e+00,0.000000e+00,
512,0.000000e+00,8.000000e-02,
513,-8.000000e-02,0.000000e+00,
514,0.000000e+00,8.000000e-02,
515,-8.000000e-02,0.000000e+00,
516,0.000000e+00,8.000000e-02,
517,0.000000e+00,0.000000e+00,
518,-8.000000e-02,8.000000e-02,
519,0.000000e+00,0.000000e+00,
520,-8.000000e-02,8.000000e-02,
521,0.000000e+00,0.000000e+00,
522,0.000000e+00,8.000000e-02,
523,-8.000000e-02,0.000000e+00,
524,0.000000e+00,8.000000e-02,
525,-8.000000e-02,0.000000e+00,
526,-8.000000e-02,8.000000e-02,
527,0.000000e+00,0.000000e+00,
528,0.000000e+00,8.000000e-02,
529,0.000000e+00,0.000000e+00,
530,-8.000000e-02,8.000000e-02,
531,0.000000e+00,0.000000e+00,
532,0.000000e+00,8.000000e-02,
533,0.000000e+00,0.000000e+00,
534,0.000000e+00,8.000000e-02,
535,-8.000000e-02,0.000000e+00,
536,0.000000e+00,8.000000e-02,
537,0.000000e+00,0.000000e+00,
538,0.000000e+00,8.000000e-02,
539,0.000000e+00,0.000000e+00,
540,0.000000e+00,8.000000e-02,
541,0.000000e+00,8.000000e-02,
542,0.000000e+00,8.000000e-02,
543,-8.000000e-02,0.000000e+00,
544,0.000000e+00,8.000000e-02,
545,0.000000e+00,0.000000e+00,
546,0.000000e+00,8.000000e-02,
547,0.000000e+00,0.000000e+00,
548,-8.000000e-02,8.000000e-02,
549,0.000000e+00,0.000000e+00,
550,0.000000e+00,8.000000e-02,
551,0.000000e+00,0.000000e+00,
552,0.000000e+00,8.000000e-02,
553,0.000000e+00,0.000000e+00,
554,-8.000000e-02,8.000000e-02,
555,0.000000e+00,0.000000e+00,
556,0.000000e+00,0.000000e+00,
557,0.000000e+00,8.000000e-02,
558,0.000000e+00,8.000000e-02,
559,-8.000000e-02,8.000000e-02,
560,0.000000e+00,0.000000e+00,
561,-8.000000e-02,8.000000e-02,
562,-8.000000e-02,8.000000e-02,
563,0.000000e+00,0.000000e+00,
564,0.000000e+00,8.000000e-02,
565,0.000000e+00,0.000000e+00,
566,0.000000e+00,8.000000e-02,
567,-8.000000e-02,0.000000e+00,
568,0.000000e+00,8.000000e-02,
569,-8.000000e-02,0.000000e+00,
570,0.000000e+00,8.000000e-02,
571,-8.000000e-02,0.000000e+00,
572,0.000000e+00,0.000000e+00,
573,0.000000e+00,8.000000e-02,
574,0.000000e+00,8.000000e-02,
575,0.000000e+00,0.000000e+00,
576,0.000000e+00,8.000000e-02,
577,-8.000000e-02,0.000000e+00,
578,0.000000e+00,8.000000e-02,
579,-8.000000e-02,0.000000e+00,
580,-8.000000e-02,0.000000e+00,
581,0.000000e+00,8.000000e-02,
582,0.000000e+00,8.000000e-02,
583,0.000000e+00,0.000000e+00,
584,0.000000e+00,8.000000e-02,
585,-8.000000e-02,0.000000e+00,
586,-8.000000e-02,8.000000e-02,
587,0.000000e+00,0.000000e+00,
588,-8.000000e-02,8.000000e-02,
589,0.000000e+00,0.000000e+00,
590,0.000000e+00,8.000000e-02,
591,-8.000000e-02,0.000000e+00,
592,0.000000e+00,8.000000e-02,
593,0.000000e+00,0.000000e+00,
594,-8.000000e-02,8.000000e-02,
595,0.000000e+00,0.000000e+00,
596,0.000000e+00,8.000000e-02,
597,0.000000e+00,8.000000e-02,
598,-8.000000e-02,8.000000e-02,
599,0.000000e+00,0.000000e+00,
600,0.000000e+00,8.000000e-02,
601,-8.000000e-02,0.000000e+00,
602,0.000000e+00,8.000000e-02,
603,-8.000000e-02,0.000000e+00,
604,0.000000e+00,8.000000e-02,
605,-8.000000e-02,0.000000e+00,
606,-8.000000e-02,0.000000e+00,
607,0.000000e+00,8.000000e-02,
608,-8.000000e-02,8.000000e-02,
609,0.000000e+00,0.000000e+00,
610,0.000000e+00,8.000000e-02,
611,-8.000000e-02,0.000000e+00,
612,0.000000e+00,8.000000e-02,
613,-8.000000e-02,0.000000e+00,
614,-8.000000e-02,0.000000e+00,
615,8.000000e-02,8.000000e-02,
616,0.000000e+00,8.000000e-02,
617,-8.000000e-02,0.000000e+00,
618,0.000000e+00,8.000000e-02,
619,-8.000000e-02,0.000000e+00,
620,0.000000e+00,8.000000e-02,
621,0.000000e+00,0.000000e+00,
622,0.000000e+00,0.000000e+00,
623,-8.000000e-02,8.000000e-02,
624,0.000000e+00,8.000000e-02,
625,-8.000000e-02,0.000000e+00,
626,0.000000e+00,8.000000e-02,
627,-8.000000e-02,0.000000e+00,
628,-8.000000e-02,8.000000e-02,
629,0.000000e+00,8.000000e-02,
630,0.000000e+00,8.000000e-02,
631,0.000000e+00,0.000000e+00,
632,0.000000e+00,8.000000e-02,
633,-8.000000e-02,0.000000e+00,
634,0.000000e+00,8.000000e-02,
635,-8.000000e-02,0.000000e+00,
636,0.000000e+00,0.000000e+00,
637,0.000000e+00,8.000000e-02,
638,0.000000e+00,8.000000e-02,
639,0.000000e+00,8.000000e-02,
640,-8.000000e-02,8.000000e-02,
641,0.000000e+00,8.000000e-02,
642,-8.000000e-02,8.000000e-02,
643,0.000000e+00,0.000000e+00,
644,-8.000000e-02,8.000000e-02,
645,0.000000e+00,0.000000e+00,
646,0.000000e+00,0.000000e+00,
647,0.000000e+00,8.000000e-02,
648,-8.000000e-02,8.000000e-02,
649,0.000000e+00,0.000000e+00,
650,-8.000000e-02,0.000000e+00,
651,0.000000e+00,0.000000e+00,
652,0.000000e+00,8.000000e-02,
653,0.000000e+00,0.000000e+00,
654,0.000000e+00,8.000000e-02,
655,0.000000e+00,0.000000e+00,
656,0.000000e+00,8.000000e-02,
657,0.000000e+00,8.000000e-02,
658,-8.000000e-02,0.000000e+00,
659,0.000000e+00,8.000000e-02,
660,0.000000e+00,8.000000e-02,
661,-8.000000e-02,0.000000e+00,
662,-8.000000e-02,8.000000e-02,
663,0.000000e+00,0.000000e+00,
664,-8.000000e-02,8.000000e-02,
665,0.000000e+00,0.000000e+00,
666,-8.000000e-02,0.000000e+00,
667,0.000000e+00,8.000000e-02,
668,0.000000e+00,0.000000e+00,
669,-8.000000e-02,8.000000e-02,
670,0.000000e+00,8.000000e-02,
671,0.000000e+00,8.000000e-02,
672,0.000000e+00,8.000000e-02,
673,0.000000e+00,0.000000e+00,
674,0.000000e+00,0.000000e+00,
675,-8.000000e-02,8.000000e-02,
676,0.000000e+00,8.000000e-02,
677,0.000000e+00,0.000000e+00,
678,-8.000000e-02,8.000000e-02,
679,0.000000e+00,0.000000e+00,
680,-8.000000e-02,8.000000e-02,
681,0.000000e+00,0.000000e+00,
682,0.000000e+00,8.000000e-02,
683,-8.000000e-02,0.000000e+00,
684,0.000000e+00,8.000000e-02,
685,0.000000e+00,0.000000e+00,
686,0.000000e+00,8.000000e-02,
687,0.000000e+00,0.000000e+00,
688,0.000000e+00,8.000000e-02,
689,-8.000000e-02,0.000000e+00,
690,0.000000e+00,8.000000e-02,
691,-8.000000e-02,0.000000e+00,
692,0.000000e+00,8.000000e-02,
693,0.000000e+00,0.000000e+00,
694,0.000000e+00,8.000000e-02,
695,0.000000e+00,0.000000e+00,
696,-8.000000e-02,8.000000e-02,
697,0.000000e+00,0.000000e+00,
698,0.000000e+00,8.000000e-02,
699,8.000000e-02,8.000000e-02,
700,3.200000e-01,0.000000e+00,
701,3.280000e+00,8.000000e-02,
702,4.160000e+00,8.000000e-02,
703,4.800000e+00,1.120000e+00,
704,4.880000e+00,2.080000e+00,
705,4.880000e+00,4.640000e+00,
706,4.960000e+00,4.960000e+00,
707,4.880000e+00,5.120000e+00,
708,4.960000e+00,5.040000e+00,
709,5.280000e+00,4.960000e+00,
710,5.440000e+00,5.040000e+00,
711,5.280000e+00,5.200000e+00,
712,5.360000e+00,5.200000e+00,
713,5.200000e+00,5.280000e+00,
714,5.200000e+00,5.280000e+00,
715,5.120000e+00,5.520000e+00,
716,5.200000e+00,5.520000e+00,
717,5.280000e+00,5.440000e+00,
718,5.280000e+00,5.360000e+00,
719,5.440000e+00,5.280000e+00,
720,5.360000e+00,5.280000e+00,
721,5.280000e+00,5.360000e+00,
722,5.280000e+00,5.280000e+00,
723,5.200000e+00,5.440000e+00,
724,5.280000e+00,5.360000e+00,
725,5.360000e+00,5.520000e+00,
726,5.360000e+00,5.440000e+00,
727,5.280000e+00,5.520000e+00,
728,5.360000e+00,5.440000e+00,
729,5.280000e+00,5.440000e+00,
730,5.360000e+00,5.360000e+00,
731,5.280000e+00,5.440000e+00,
732,5.360000e+00,5.440000e+00,
733,5.280000e+00,5.440000e+00,
734,5.360000e+00,5.440000e+00,
735,5.280000e+00,5.520000e+00,
736,5.360000e+00,5.440000e+00,
737,5.280000e+00,5.520000e+00,
738,5.360000e+00,5.440000e+00,
739,5.280000e+00,5.520000e+00,
740,5.440000e+00,5.440000e+00,
741,5.280000e+00,5.520000e+00,
742,5.440000e+00,5.440000e+00,
743,5.360000e+00,5.520000e+00,
744,5.360000e+00,5.440000e+00,
745,5.280000e+00,5.520000e+00,
746,5.440000e+00,5.520000e+00,
747,5.360000e+00,5.520000e+00,
748,5.360000e+00,5.520000e+00,
749,5.440000e+00,5.440000e+00,
750,5.360000e+00,5.520000e+00,
751,5.440000e+00,5.520000e+00,
752,5.440000e+00,5.440000e+00,
753,5.360000e+00,5.520000e+00,
754,5.360000e+00,5.440000e+00,
755,5.440000e+00,5.520000e+00,
756,5.440000e+00,5.520000e+00,
757,5.360000e+00,5.520000e+00,
758,5.440000e+00,5.520000e+00,
759,5.360000e+00,5.520000e+00,
760,5.440000e+00,5.520000e+00,
761,5.360000e+00,5.440000e+00,
762,5.440000e+00,5.520000e+00,
763,5.360000e+00,5.520000e+00,
764,5.440000e+00,5.440000e+00,
765,5.360000e+00,5.520000e+00,
766,5.360000e+00,5.520000e+00,
767,5.440000e+00,5.520000e+00,
768,5.360000e+00,5.520000e+00,
769,5.440000e+00,5.440000e+00,
770,5.360000e+00,5.520000e+00,
771,5.440000e+00,5.520000e+00,
772,5.440000e+00,5.520000e+00,
773,5.360000e+00,5.520000e+00,
774,5.440000e+00,5.520000e+00,
775,5.360000e+00,5.520000e+00,
776,5.440000e+00,5.520000e+00,
777,5.360000e+00,5.520000e+00,
778,5.440000e+00,5.520000e+00,
779,5.440000e+00,5.520000e+00,
780,5.360000e+00,5.520000e+00,
781,5.440000e+00,5.520000e+00,
782,5.440000e+00,5.520000e+00,
783,5.360000e+00,5.520000e+00,
784,5.440000e+00,5.520000e+00,
785,5.360000e+00,5.520000e+00,
786,5.440000e+00,5.520000e+00,
787,5.360000e+00,5.520000e+00,
788,5.440000e+00,5.520000e+00,
789,5.360000e+00,5.520000e+00,
790,5.440000e+00,5.520000e+00,
791,5.440000e+00,5.520000e+00,
792,5.440000e+00,5.520000e+00,
793,5.360000e+00,5.520000e+00,
794,5.440000e+00,5.520000e+00,
795,5.360000e+00,5.520000e+00,
796,5.440000e+00,5.520000e+00,
797,5.360000e+00,5.520000e+00,
798,5.440000e+00,5.520000e+00,
799,5.360000e+00,5.520000e+00,
800,5.360000e+00,5.520000e+00,
801,5.440000e+00,5.520000e+00,
802,5.440000e+00,5.520000e+00,
803,5.360000e+00,5.520000e+00,
804,5.360000e+00,5.520000e+00,
805,5.440000e+00,5.520000e+00,
806,5.440000e+00,5.520000e+00,
807,5.360000e+00,5.520000e+00,
808,5.440000e+00,5.520000e+00,
809,5.360000e+00,5.520000e+00,
810,5.440000e+00,5.520000e+00,
811,5.360000e+00,5.440000e+00,
812,5.440000e+00,5.520000e+00,
813,5.360000e+00,5.520000e+00,
814,5.440000e+00,5.520000e+00,
815,5.360000e+00,5.520000e+00,
816,5.440000e+00,5.520000e+00,
817,5.360000e+00,5.520000e+00,
818,5.440000e+00,5.520000e+00,
819,5.360000e+00,5.520000e+00,
820,5.440000e+00,5.520000e+00,
821,5.360000e+00,5.520000e+00,
822,5.440000e+00,5.520000e+00,
823,5.360000e+00,5.520000e+00,
824,5.440000e+00,5.520000e+00,
825,5.360000e+00,5.520000e+00,
826,5.440000e+00,5.440000e+00,
827,5.360000e+00,5.520000e+00,
828,5.440000e+00,5.520000e+00,
829,5.360000e+00,5.520000e+00,
830,5.440000e+00,5.520000e+00,
831,5.360000e+00,5.520000e+00,
832,5.440000e+00,5.520000e+00,
833,5.360000e+00,5.520000e+00,
834,5.440000e+00,5.520000e+00,
835,5.360000e+00,5.520000e+00,
836,5.520000e+00,5.520000e+00,
837,5.280000e+00,5.520000e+00,
838,5.440000e+00,5.520000e+00,
839,5.360000e+00,5.440000e+00,
840,5.440000e+00,5.520000e+00,
841,5.360000e+00,5.520000e+00,
842,5.440000e+00,5.520000e+00,
843,5.360000e+00,5.520000e+00,
844,5.440000e+00,5.520000e+00,
845,5.360000e+00,5.520000e+00,
846,5.440000e+00,5.440000e+00,
847,5.360000e+00,5.520000e+00,
848,5.360000e+00,5.520000e+00,
849,5.440000e+00,5.520000e+00,
850,5.360000e+00,5.520000e+00,
851,5.440000e+00,5.520000e+00,
852,5.440000e+00,5.520000e+00,
853,5.280000e+00,5.520000e+00,
854,5.360000e+00,5.440000e+00,
855,5.440000e+00,5.600000e+00,
856,5.440000e+00,5.520000e+00,
857,5.360000e+00,5.520000e+00,
858,5.440000e+00,5.520000e+00,
859,5.360000e+00,5.520000e+00,
860,5.360000e+00,5.520000e+00,
861,5.440000e+00,5.440000e+00,
862,5.520000e+00,5.520000e+00,
863,5.360000e+00,5.520000e+00,
864,5.440000e+00,5.520000e+00,
865,5.360000e+00,5.520000e+00,
866,5.440000e+00,5.520000e+00,
867,5.360000e+00,5.440000e+00,
868,5.440000e+00,5.440000e+00,
869,5.360000e+00,5.520000e+00,
870,5.440000e+00,5.520000e+00,
871,5.360000e+00,5.520000e+00,
872,5.440000e+00,5.520000e+00,
873,5.360000e+00,5.440000e+00,
874,5.360000e+00,5.520000e+00,
875,5.440000e+00,5.520000e+00,
876,5.360000e+00,5.520000e+00,
877,5.360000e+00,5.440000e+00,
878,5.360000e+00,5.520000e+00,
879,5.440000e+00,5.440000e+00,
880,5.360000e+00,5.520000e+00,
881,5.440000e+00,5.440000e+00,
882,5.360000e+00,5.520000e+00,
883,5.280000e+00,5.520000e+00,
884,5.360000e+00,5.440000e+00,
885,5.440000e+00,5.520000e+00,
886,5.440000e+00,5.520000e+00,
887,5.360000e+00,5.520000e+00,
888,5.360000e+00,5.520000e+00,
889,5.440000e+00,5.440000e+00,
890,5.440000e+00,5.520000e+00,
891,5.280000e+00,5.520000e+00,
892,5.360000e+00,5.520000e+00,
893,5.440000e+00,5.520000e+00,
894,5.360000e+00,5.520000e+00,
895,5.440000e+00,5.440000e+00,
896,5.360000e+00,5.520000e+00,
897,5.360000e+00,5.520000e+00,
898,5.360000e+00,5.520000e+00,
899,5.360000e+00,5.520000e+00,
900,5.360000e+00,5.520000e+00,
901,5.440000e+00,5.440000e+00,
902,5.440000e+00,5.520000e+00,
903,5.360000e+00,5.440000e+00,
904,5.440000e+00,5.520000e+00,
905,5.360000e+00,5.440000e+00,
906,5.440000e+00,5.440000e+00,
907,5.360000e+00,5.520000e+00,
908,5.440000e+00,5.520000e+00,
909,5.360000e+00,5.520000e+00,
910,5.440000e+00,5.520000e+00,
911,5.360000e+00,5.440000e+00,
912,5.360000e+00,5.520000e+00,
913,5.360000e+00,5.440000e+00,
914,5.440000e+00,5.440000e+00,
915,5.360000e+00,5.520000e+00,
916,5.440000e+00,5.440000e+00,
917,5.360000e+00,5.520000e+00,
918,5.440000e+00,5.520000e+00,
919,5.360000e+00,5.440000e+00,
920,5.440000e+00,5.520000e+00,
921,5.360000e+00,5.440000e+00,
922,5.440000e+00,5.520000e+00,
923,5.360000e+00,5.440000e+00,
924,5.440000e+00,5.520000e+00,
925,5.360000e+00,5.440000e+00,
926,5.360000e+00,5.520000e+00,
927,5.280000e+00,5.520000e+00,
928,5.440000e+00,5.440000e+00,
929,5.360000e+00,5.520000e+00,
930,5.360000e+00,5.520000e+00,
931,5.360000e+00,5.440000e+00,
932,5.440000e+00,5.520000e+00,
933,5.360000e+00,5.440000e+00,
934,5.360000e+00,5.520000e+00,
935,5.280000e+00,5.440000e+00,
936,5.440000e+00,5.440000e+00,
937,5.360000e+00,5.520000e+00,
938,5.360000e+00,5.520000e+00,
939,5.440000e+00,5.440000e+00,
940,5.280000e+00,5.440000e+00,
941,5.440000e+00,5.520000e+00,
942,5.360000e+00,5.520000e+00,
943,5.360000e+00,5.440000e+00,
944,5.440000e+00,5.520000e+00,
945,5.280000e+00,5.440000e+00,
946,5.440000e+00,5.440000e+00,
947,5.280000e+00,5.520000e+00,
948,5.360000e+00,5.520000e+00,
949,4.080000e+00,5.440000e+00,
950,3.760000e+00,5.520000e+00,
951,3.520000e+00,5.440000e+00,
952,3.520000e+00,5.520000e+00,
953,3.520000e+00,5.520000e+00,
954,3.520000e+00,5.520000e+00,
955,3.360000e+00,5.120000e+00,
956,3.360000e+00,4.720000e+00,
957,2.720000e+00,3.600000e+00,
958,2.640000e+00,3.440000e+00,
959,2.320000e+00,3.440000e+00,
960,2.320000e+00,3.440000e+00,
961,2.400000e+00,3.520000e+00,
962,2.240000e+00,3.440000e+00,
963,2.160000e+00,3.520000e+00,
964,2.160000e+00,3.360000e+00,
965,1.840000e+00,3.280000e+00,
966,1.760000e+00,3.040000e+00,
967,1.520000e+00,2.480000e+00,
968,1.520000e+00,2.400000e+00,
969,1.520000e+00,2.240000e+00,
970,1.520000e+00,2.240000e+00,
971,1.360000e+00,2.240000e+00,
972,1.360000e+00,2.160000e+00,
973,1.200000e+00,2.240000e+00,
974,1.120000e+00,2.160000e+00,
975,1.040000e+00,2.000000e+00,
976,1.040000e+00,1.920000e+00,
977,9.600000e-01,1.680000e+00,
978,9.600000e-01,1.600000e+00,
979,9.600000e-01,1.440000e+00,
980,8.000000e-01,1.440000e+00,
981,8.800000e-01,1.440000e+00,
982,7.200000e-01,1.440000e+00,
983,6.400000e-01,1.360000e+00,
984,6.400000e-01,1.360000e+00,
985,5.600000e-01,1.280000e+00,
986,6.400000e-01,1.280000e+00,
987,5.600000e-01,1.120000e+00,
988,5.600000e-01,1.120000e+00,
989,4.800000e-01,9.600000e-01,
990,4.800000e-01,9.600000e-01,
991,4.000000e-01,8.800000e-01,
992,4.000000e-01,8.800000e-01,
993,4.000000e-01,8.000000e-01,
994,4.000000e-01,8.800000e-01,
995,3.200000e-01,8.000000e-01,
996,3.200000e-01,8.000000e-01,
997,3.200000e-01,7.200000e-01,
998,3.200000e-01,7.200000e-01,
999,2.400000e-01,5.600000e-01,
1000,2.400000e-01,6.400000e-01,
1001,2.400000e-01,5.600000e-01,
1002,2.400000e-01,5.600000e-01,
1003,2.400000e-01,5.600000e-01,
1004,2.400000e-01,5.600000e-01,
1005,1.600000e-01,4.800000e-01,
1006,2.400000e-01,5.600000e-01,
1007,1.600000e-01,4.800000e-01,
1008,1.600000e-01,4.800000e-01,
1009,1.600000e-01,4.000000e-01,
1010,1.600000e-01,4.000000e-01,
1011,1.600000e-01,4.000000e-01,
1012,8.000000e-02,4.000000e-01,
1013,1.600000e-01,4.000000e-01,
1014,1.600000e-01,4.000000e-01,
1015,8.000000e-02,3.200000e-01,
1016,8.000000e-02,4.000000e-01,
1017,8.000000e-02,3.200000e-01,
1018,8.000000e-02,3.200000e-01,
1019,8.000000e-02,2.400000e-01,
1020,8.000000e-02,2.400000e-01,
1021,8.000000e-02,3.200000e-01,
1022,8.000000e-02,3.200000e-01,
1023,8.000000e-02,2.400000e-01,
1024,8.000000e-02,2.400000e-01,
1025,0.000000e+00,1.600000e-01,
1026,8.000000e-02,2.400000e-01,
1027,0.000000e+00,2.400000e-01,
1028,8.000000e-02,2.400000e-01,
1029,0.000000e+00,1.600000e-01,
1030,0.000000e+00,1.600000e-01,
1031,8.000000e-02,2.400000e-01,
1032,0.000000e+00,1.600000e-01,
1033,0.000000e+00,1.600000e-01,
1034,0.000000e+00,1.600000e-01,
1035,0.000000e+00,1.600000e-01,
1036,0.000000e+00,1.600000e-01,
1037,0.000000e+00,1.600000e-01,
1038,0.000000e+00,1.600000e-01,
1039,0.000000e+00,1.600000e-01,
1040,8.000000e-02,1.600000e-01,
1041,-8.000000e-02,1.600000e-01,
1042,0.000000e+00,1.600000e-01,
1043,0.000000e+00,8.000000e-02,
1044,0.000000e+00,1.600000e-01,
1045,8.000000e-02,1.600000e-01,
1046,0.000000e+00,1.600000e-01,
1047,8.000000e-02,8.000000e-02,
1048,-8.000000e-02,1.600000e-01,
1049,8.000000e-02,8.000000e-02,
1050,0.000000e+00,8.000000e-02,
1051,0.000000e+00,1.600000e-01,
1052,0.000000e+00,8.000000e-02,
1053,0.000000e+00,8.000000e-02,
1054,0.000000e+00,8.000000e-02,
1055,-8.000000e-02,8.000000e-02,
1056,0.000000e+00,8.000000e-02,
1057,-8.000000e-02,8.000000e-02,
1058,0.000000e+00,8.000000e-02,
1059,0.000000e+00,8.000000e-02,
1060,0.000000e+00,8.000000e-02,
1061,0.000000e+00,8.000000e-02,
1062,0.000000e+00,8.000000e-02,
1063,0.000000e+00,8.000000e-02,
1064,-8.000000e-02,8.000000e-02,
1065,0.000000e+00,8.000000e-02,
1066,0.000000e+00,8.000000e-02,
1067,-8.000000e-02,8.000000e-02,
1068,0.000000e+00,8.000000e-02,
1069,0.000000e+00,0.000000e+00,
1070,0.000000e+00,8.000000e-02,
1071,0.000000e+00,0.000000e+00,
1072,0.000000e+00,8.000000e-02,
1073,0.000000e+00,0.000000e+00,
1074,0.000000e+00,8.000000e-02,
1075,0.000000e+00,8.000000e-02,
1076,0.000000e+00,8.000000e-02,
1077,-8.000000e-02,0.000000e+00,
1078,0.000000e+00,8.000000e-02,
1079,-8.000000e-02,0.000000e+00,
1080,0.000000e+00,8.000000e-02,
1081,0.000000e+00,0.000000e+00,
1082,0.000000e+00,8.000000e-02,
1083,-8.000000e-02,0.000000e+00,
1084,-8.000000e-02,8.000000e-02,
1085,0.000000e+00,8.000000e-02,
1086,0.000000e+00,8.000000e-02,
1087,-8.000000e-02,0.000000e+00,
1088,0.000000e+00,0.000000e+00,
1089,-8.000000e-02,8.000000e-02,
1090,0.000000e+00,8.000000e-02,
1091,0.000000e+00,0.000000e+00,
1092,0.000000e+00,8.000000e-02,
1093,-8.000000e-02,8.000000e-02,
1094,0.000000e+00,8.000000e-02,
1095,0.000000e+00,0.000000e+00,
1096,0.000000e+00,8.000000e-02,
1097,-8.000000e-02,8.000000e-02,
1098,0.000000e+00,8.000000e-02,
1099,-8.000000e-02,0.000000e+00,
1100,0.000000e+00,8.000000e-02,
1101,0.000000e+00,0.000000e+00,
1102,0.000000e+00,8.000000e-02,
1103,-8.000000e-02,0.000000e+00,
1104,0.000000e+00,0.000000e+00,
1105,-8.000000e-02,8.000000e-02,
1106,0.000000e+00,0.000000e+00,
1107,-8.000000e-02,8.000000e-02,
1108,0.000000e+00,8.000000e-02,
1109,-8.000000e-02,0.000000e+00,
1110,0.000000e+00,0.000000e+00,
1111,0.000000e+00,8.000000e-02,
1112,0.000000e+00,0.000000e+00,
1113,0.000000e+00,8.000000e-02,
1114,0.000000e+00,8.000000e-02,
1115,0.000000e+00,0.000000e+00,
1116,-8.000000e-02,8.000000e-02,
1117,0.000000e+00,0.000000e+00,
1118,0.000000e+00,8.000000e-02,
1119,0.000000e+00,0.000000e+00,
1120,0.000000e+00,0.000000e+00,
1121,-8.000000e-02,8.000000e-02,
1122,0.000000e+00,8.000000e-02,
1123,0.000000e+00,0.000000e+00,
1124,0.000000e+00,8.000000e-02,
1125,0.000000e+00,0.000000e+00,
1126,-8.000000e-02,0.000000e+00,
1127,0.000000e+00,0.000000e+00,
1128,0.000000e+00,8.000000e-02,
1129,0.000000e+00,0.000000e+00,
1130,-8.000000e-02,8.000000e-02,
1131,0.000000e+00,0.000000e+00,
1132,-8.000000e-02,8.000000e-02,
1133,0.000000e+00,0.000000e+00,
1134,0.000000e+00,8.000000e-02,
1135,-8.000000e-02,0.000000e+00,
1136,-8.000000e-02,8.000000e-02,
1137,0.000000e+00,0.000000e+00,
1138,0.000000e+00,0.000000e+00,
1139,-8.000000e-02,8.000000e-02,
1140,0.000000e+00,8.000000e-02,
1141,-8.000000e-02,0.000000e+00,
1142,0.000000e+00,8.000000e-02,
1143,-8.000000e-02,0.000000e+00,
1144,0.000000e+00,0.000000e+00,
1145,-8.000000e-02,8.000000e-02,
1146,0.000000e+00,8.000000e-02,
1147,-8.000000e-02,0.000000e+00,
1148,0.000000e+00,0.000000e+00,
1149,-8.000000e-02,8.000000e-02,
1150,0.000000e+00,8.000000e-02,
1151,-8.000000e-02,0.000000e+00,
1152,-8.000000e-02,8.000000e-02,
1153,0.000000e+00,0.000000e+00,
1154,-8.000000e-02,8.000000e-02,
1155,0.000000e+00,0.000000e+00,
1156,0.000000e+00,8.000000e-02,
1157,-8.000000e-02,0.000000e+00,
1158,0.000000e+00,8.000000e-02,
1159,-8.000000e-02,0.000000e+00,
1160,0.000000e+00,8.000000e-02,
1161,0.000000e+00,0.000000e+00,
1162,-8.000000e-02,8.000000e-02,
1163,0.000000e+00,0.000000e+00,
1164,0.000000e+00,8.000000e-02,
1165,-8.000000e-02,0.000000e+00,
1166,0.000000e+00,8.000000e-02,
1167,0.000000e+00,0.000000e+00,
1168,0.000000e+00,0.000000e+00,
1169,0.000000e+00,8.000000e-02,
1170,0.000000e+00,0.000000e+00,
1171,-8.000000e-02,8.000000e-02,
1172,0.000000e+00,8.000000e-02,
1173,-8.000000e-02,0.000000e+00,
1174,-8.000000e-02,8.000000e-02,
1175,0.000000e+00,0.000000e+00,
1176,-8.000000e-02,8.000000e-02,
1177,0.000000e+00,0.000000e+00,
1178,-8.000000e-02,8.000000e-02,
1179,0.000000e+00,8.000000e-02,
1180,0.000000e+00,8.000000e-02,
1181,-8.000000e-02,0.000000e+00,
1182,0.000000e+00,8.000000e-02,
1183,-8.000000e-02,0.000000e+00,
1184,0.000000e+00,0.000000e+00,
1185,-8.000000e-02,8.000000e-02,
1186,0.000000e+00,8.000000e-02,
1187,-8.000000e-02,0.000000e+00,
1188,0.000000e+00,8.000000e-02,
1189,-8.000000e-02,0.000000e+00,
1190,0.000000e+00,0.000000e+00,
1191,-8.000000e-02,8.000000e-02,
1192,0.000000e+00,0.000000e+00,
1193,0.000000e+00,8.000000e-02,
1194,-8.000000e-02,0.000000e+00,
1195,0.000000e+00,8.000000e-02,
1196,-8.000000e-02,8.000000e-02,
1197,0.000000e+00,0.000000e+00,
1198,0.000000e+00,8.000000e-02,
1199,-8.000000e-02,0.000000e+00,
1200,0.000000e+00,8.000000e-02,
1201,-8.000000e-02,0.000000e+00,
1202,0.000000e+00,0.000000e+00,
1203,0.000000e+00,8.000000e-02,
1204,-8.000000e-02,8.000000e-02,
1205,0.000000e+00,0.000000e+00,
1206,-8.000000e-02,8.000000e-02,
1207,0.000000e+00,0.000000e+00,
1208,0.000000e+00,8.000000e-02,
1209,-8.000000e-02,0.000000e+00,
1210,0.000000e+00,8.000000e-02,
1211,-8.000000e-02,0.000000e+00,
1212,-8.000000e-02,0.000000e+00,
1213,0.000000e+00,8.000000e-02,
1214,-8.000000e-02,8.000000e-02,
1215,0.000000e+00,0.000000e+00,
1216,-8.000000e-02,8.000000e-02,
1217,0.000000e+00,0.000000e+00,
1218,0.000000e+00,0.000000e+00,
1219,0.000000e+00,8.000000e-02,
1220,0.000000e+00,0.000000e+00,
1221,-8.000000e-02,8.000000e-02,
1222,-8.000000e-02,0.000000e+00,
1223,0.000000e+00,8.000000e-02,
1224,0.000000e+00,0.000000e+00,
1225,-8.000000e-02,8.000000e-02,
1226,0.000000e+00,8.000000e-02,
1227,0.000000e+00,8.000000e-02,
1228,-8.000000e-02,8.000000e-02,
1229,0.000000e+00,0.000000e+00,
1230,-8.000000e-02,8.000000e-02,
1231,0.000000e+00,0.000000e+00,
1232,0.000000e+00,8.000000e-02,
1233,-8.000000e-02,0.000000e+00,
1234,-8.000000e-02,0.000000e+00,
1235,0.000000e+00,8.000000e-02,
1236,0.000000e+00,8.000000e-02,
1237,-8.000000e-02,0.000000e+00,
1238,0.000000e+00,8.000000e-02,
1239,0.000000e+00,0.000000e+00,
1240,0.000000e+00,8.000000e-02,
1241,-8.000000e-02,0.000000e+00,
1242,0.000000e+00,0.000000e+00,
1243,0.000000e+00,8.000000e-02,
1244,-8.000000e-02,0.000000e+00,
1245,0.000000e+00,0.000000e+00,
1246,0.000000e+00,0.000000e+00,
1247,0.000000e+00,8.000000e-02,
1248,0.000000e+00,8.000000e-02,
1249,0.000000e+00,8.000000e-02,
1250,0.000000e+00,0.000000e+00,
1251,-8.000000e-02,8.000000e-02,
1252,0.000000e+00,8.000000e-02,
1253,0.000000e+00,0.000000e+00,
1254,-8.000000e-02,8.000000e-02,
1255,0.000000e+00,0.000000e+00,
1256,0.000000e+00,8.000000e-02,
1257,-8.000000e-02,0.000000e+00,
1258,-8.000000e-02,0.000000e+00,
1259,0.000000e+00,8.000000e-02,
1260,0.000000e+00,0.000000e+00,
1261,-8.000000e-02,8.000000e-02,
1262,0.000000e+00,8.000000e-02,
1263,-8.000000e-02,0.000000e+00,
1264,-8.000000e-02,8.000000e-02,
1265,0.000000e+00,0.000000e+00,
1266,0.000000e+00,8.000000e-02,
1267,0.000000e+00,0.000000e+00,
1268,-8.000000e-02,8.000000e-02,
1269,0.000000e+00,8.000000e-02,
1270,-8.000000e-02,0.000000e+00,
1271,0.000000e+00,8.000000e-02,
1272,0.000000e+00,0.000000e+00,
1273,-8.000000e-02,8.000000e-02,
1274,-8.000000e-02,0.000000e+00,
1275,0.000000e+00,8.000000e-02,
1276,0.000000e+00,8.000000e-02,
1277,0.000000e+00,0.000000e+00,
1278,-8.000000e-02,8.000000e-02,
1279,0.000000e+00,0.000000e+00,
1280,0.000000e+00,0.000000e+00,
1281,-8.000000e-02,8.000000e-02,
1282,0.000000e+00,8.000000e-02,
1283,-8.000000e-02,0.000000e+00,
1284,0.000000e+00,8.000000e-02,
1285,0.000000e+00,0.000000e+00,
1286,0.000000e+00,0.000000e+00,
1287,-8.000000e-02,8.000000e-02,
1288,0.000000e+00,8.000000e-02,
1289,0.000000e+00,0.000000e+00,
1290,-8.000000e-02,0.000000e+00,
1291,0.000000e+00,8.000000e-02,
1292,-8.000000e-02,8.000000e-02,
1293,0.000000e+00,0.000000e+00,
1294,-8.000000e-02,8.000000e-02,
1295,8.000000e-02,0.000000e+00,
1296,-8.000000e-02,0.000000e+00,
1297,0.000000e+00,8.000000e-02,
1298,0.000000e+00,8.000000e-02,
1299,-8.000000e-02,8.000000e-02,
1300,0.000000e+00,8.000000e-02,
1301,-8.000000e-02,0.000000e+00,
1302,0.000000e+00,0.000000e+00,
1303,-8.000000e-02,8.000000e-02,
1304,0.000000e+00,0.000000e+00,
1305,0.000000e+00,8.000000e-02,
1306,-8.000000e-02,0.000000e+00,
1307,0.000000e+00,8.000000e-02,
1308,0.000000e+00,8.000000e-02,
1309,-8.000000e-02,0.000000e+00,
1310,-8.000000e-02,8.000000e-02,
1311,0.000000e+00,0.000000e+00,
1312,-8.000000e-02,8.000000e-02,
1313,0.000000e+00,0.000000e+00,
1314,0.000000e+00,8.000000e-02,
1315,-8.000000e-02,0.000000e+00,
1316,0.000000e+00,8.000000e-02,
1317,0.000000e+00,0.000000e+00,
1318,0.000000e+00,8.000000e-02,
1319,-8.000000e-02,8.000000e-02,
1320,-8.000000e-02,0.000000e+00,
1321,0.000000e+00,8.000000e-02,
1322,0.000000e+00,0.000000e+00,
1323,0.000000e+00,8.000000e-02,
1324,0.000000e+00,8.000000e-02,
1325,0.000000e+00,0.000000e+00,
1326,-8.000000e-02,0.000000e+00,
1327,0.000000e+00,8.000000e-02,
1328,0.000000e+00,8.000000e-02,
1329,-8.000000e-02,0.000000e+00,
1330,0.000000e+00,0.000000e+00,
1331,0.000000e+00,8.000000e-02,
1332,-8.000000e-02,8.000000e-02,
1333,0.000000e+00,8.000000e-02,
1334,0.000000e+00,0.000000e+00,
1335,-8.000000e-02,8.000000e-02,
1336,0.000000e+00,0.000000e+00,
1337,-8.000000e-02,8.000000e-02,
1338,-8.000000e-02,8.000000e-02,
1339,0.000000e+00,0.000000e+00,
1340,0.000000e+00,0.000000e+00,
1341,-8.000000e-02,8.000000e-02,
1342,-8.000000e-02,8.000000e-02,
1343,0.000000e+00,0.000000e+00,
1344,0.000000e+00,0.000000e+00,
1345,0.000000e+00,8.000000e-02,
1346,0.000000e+00,8.000000e-02,
1347,-8.000000e-02,0.000000e+00,
1348,-8.000000e-02,0.000000e+00,
1349,0.000000e+00,8.000000e-02,
1350,-8.000000e-02,8.000000e-02,
1351,0.000000e+00,0.000000e+00,
1352,-8.000000e-02,0.000000e+00,
1353,0.000000e+00,8.000000e-02,
1354,0.000000e+00,0.000000e+00,
1355,0.000000e+00,8.000000e-02,
1356,0.000000e+00,8.000000e-02,
1357,0.000000e+00,0.000000e+00,
1358,0.000000e+00,8.000000e-02,
1359,0.000000e+00,0.000000e+00,
1360,0.000000e+00,8.000000e-02,
1361,-8.000000e-02,0.000000e+00,
1362,0.000000e+00,0.000000e+00,
1363,-8.000000e-02,8.000000e-02,
1364,0.000000e+00,8.000000e-02,
1365,-8.000000e-02,0.000000e+00,
1366,-8.000000e-02,8.000000e-02,
1367,0.000000e+00,0.000000e+00,
1368,0.000000e+00,8.000000e-02,
1369,-8.000000e-02,0.000000e+00,
1370,-8.000000e-02,0.000000e+00,
1371,0.000000e+00,8.000000e-02,
1372,0.000000e+00,0.000000e+00,
1373,-8.000000e-02,8.000000e-02,
1374,-8.000000e-02,8.000000e-02,
1375,0.000000e+00,0.000000e+00,
1376,-8.000000e-02,8.000000e-02,
1377,0.000000e+00,0.000000e+00,
1378,0.000000e+00,8.000000e-02,
1379,0.000000e+00,0.000000e+00,
1380,0.000000e+00,0.000000e+00,
1381,-8.000000e-02,8.000000e-02,
1382,-8.000000e-02,8.000000e-02,
1383,0.000000e+00,0.000000e+00,
1384,0.000000e+00,8.000000e-02,
1385,-8.000000e-02,0.000000e+00,
1386,8.000000e-02,8.000000e-02,
1387,-8.000000e-02,0.000000e+00,
1388,0.000000e+00,8.000000e-02,
1389,-8.000000e-02,0.000000e+00,
1390,0.000000e+00,8.000000e-02,
1391,0.000000e+00,0.000000e+00,
1392,-8.000000e-02,0.000000e+00,
1393,0.000000e+00,8.000000e-02,
1394,0.000000e+00,8.000000e-02,
1395,-8.000000e-02,0.000000e+00,
1396,0.000000e+00,8.000000e-02,
1397,-8.000000e-02,0.000000e+00,
1398,-8.000000e-02,8.000000e-02,
1399,0.000000e+00,0.000000e+00,
